 ,,,,,,,,,,,,,,,,,,,,,,,,,,,,,
Rk,Player,Pos,Age,Tm,G,GS,MP,FG,FGA,FG%,3P,3PA,3P%,2P,2PA,2P%,eFG%,FT,FTA,FT%,ORB,DRB,TRB,AST,STL,BLK,TOV,PF,PTS
1,Precious Achiuwa\achiupr01,C,22,TOR,31,18,24.9,3.4,8.2,0.409,0.3,1.3,0.231,3.1,6.9,0.442,0.427,0.9,1.6,0.569,2.4,5.3,7.6,1.4,0.6,0.7,1.1,2.3,7.9
2,Steven Adams\adamsst01,C,28,MEM,41,40,25.5,2.6,4.9,0.535,0,0,,2.6,4.9,0.535,0.535,1.7,2.8,0.6,4.3,5,9.3,3,0.9,0.6,1.6,1.7,7
3,Bam Adebayo\adebaba01,C,24,MIA,18,18,32.9,7,13.5,0.519,0,0.1,0,7,13.4,0.521,0.519,4.7,6.2,0.759,2.7,7.4,10.2,3.2,1.1,0.3,2.9,3.3,18.7
4,Santi Aldama\aldamsa01,PF,21,MEM,23,0,10.7,1.4,3.7,0.372,0.2,1.5,0.114,1.2,2.2,0.549,0.395,0.5,0.8,0.579,1,1.7,2.6,0.6,0.1,0.3,0.3,1,3.4
5,LaMarcus Aldridge\aldrila01,C,36,BRK,29,10,22.9,5.7,10.1,0.565,0.4,1.2,0.343,5.3,8.9,0.595,0.586,1.5,1.8,0.846,1.5,4.1,5.6,0.8,0.4,1.1,0.9,1.7,13.3
6,Nickeil Alexander-Walker\alexani01,SG,23,NOP,40,18,26.8,4.9,13.2,0.371,2,6.5,0.309,2.9,6.7,0.431,0.447,1.2,1.7,0.701,0.8,2.6,3.4,2.6,0.9,0.3,1.7,1.8,12.9
7,Grayson Allen\allengr01,SG,26,MIL,38,37,28.3,4.2,9.9,0.423,2.7,7,0.392,1.4,2.9,0.495,0.561,1,1.2,0.844,0.5,2.9,3.4,1.3,0.8,0.4,0.6,1.5,12.1
8,Jarrett Allen\allenja01,C,23,CLE,37,37,32.6,6.8,9.8,0.694,0,0.2,0.125,6.8,9.6,0.707,0.696,3,4.4,0.689,3.3,7.6,11,1.8,0.9,1.4,1.9,1.8,16.6
9,Jose Alvarado\alvarjo01,PG,23,NOP,16,0,8.2,0.8,2.4,0.308,0.4,1.4,0.273,0.4,1.1,0.353,0.385,0.6,0.9,0.643,0.3,0.8,1.1,1.4,0.8,0.1,0.2,0.9,2.4
10,Justin Anderson\anderju01,SF,28,TOT,6,0,12.8,1,3.2,0.316,0.5,2.5,0.2,0.5,0.7,0.75,0.395,1,1.2,0.857,0.3,1.3,1.7,1.5,0.3,0.2,0.5,1.5,3.5
10,Justin Anderson\anderju01,SF,28,CLE,3,0,15.7,1.3,2.7,0.5,0.7,2,0.333,0.7,0.7,1,0.625,1,1.3,0.75,0,2,2,2,0.3,0,0.7,1.3,4.3
10,Justin Anderson\anderju01,SF,28,IND,3,0,10,0.7,3.7,0.182,0.3,3,0.111,0.3,0.7,0.5,0.227,1,1,1,0.7,0.7,1.3,1,0.3,0.3,0.3,1.7,2.7
11,Kyle Anderson\anderky01,PF,28,MEM,37,8,22.5,3.3,7.5,0.437,0.7,2,0.356,2.6,5.5,0.466,0.484,1.1,1.6,0.661,0.9,4.4,5.3,2.6,1.1,0.6,1,1.5,8.3
12,Giannis Antetokounmpo\antetgi01,PF,27,MIL,36,36,32.5,9.9,18.4,0.539,1.1,3.9,0.281,8.8,14.5,0.607,0.568,7.6,10.7,0.712,1.8,9.5,11.3,6.1,1,1.5,3.4,3.2,28.5
13,Thanasis Antetokounmpo\antetth01,SF,29,MIL,28,5,11.9,1.4,2.9,0.463,0,0.4,0.091,1.3,2.5,0.521,0.47,0.5,0.9,0.625,1.1,1.7,2.8,0.7,0.5,0.3,0.6,1.9,3.3
14,Carmelo Anthony\anthoca01,PF,37,LAL,41,3,27,4.5,10.5,0.427,2.3,6,0.389,2.1,4.5,0.478,0.538,1.9,2.3,0.802,0.8,3.3,4.1,1,0.8,0.8,0.8,2.3,13.2
15,Cole Anthony\anthoco01,PG,21,ORL,30,30,33.6,6.5,16.1,0.403,2.5,7.4,0.342,4,8.7,0.454,0.481,3.6,4.3,0.852,0.6,5.6,6.2,5.8,0.8,0.2,2.7,2.7,19.2
16,OG Anunoby\anunoog01,SF,24,TOR,25,25,36.2,7,16.2,0.433,2.7,7.5,0.356,4.4,8.7,0.5,0.516,2.6,3.3,0.793,1.4,3.7,5.1,2.4,1.5,0.4,1.7,2.9,19.4
17,Trevor Ariza\arizatr01,SF,36,LAL,9,2,18.1,1.3,2.6,0.522,1.1,2.2,0.5,0.2,0.3,0.667,0.739,0.1,0.2,0.5,0.4,2.9,3.3,1.4,0.4,0.1,0.2,0.6,3.9
18,D.J. Augustin\augusdj01,PG,34,HOU,33,2,15,1.7,4,0.414,1.2,2.8,0.415,0.5,1.2,0.41,0.56,1,1.2,0.868,0.2,1,1.2,2.2,0.3,0,1.3,0.5,5.5
19,Deni Avdija\avdijde01,SF,21,WAS,43,5,22.8,2.6,6.1,0.429,0.8,2.8,0.298,1.8,3.3,0.543,0.498,1.1,1.5,0.719,0.7,4.1,4.8,1.5,0.8,0.7,0.9,2.3,7.1
20,Joel Ayayi\ayayijo01,SG,21,WAS,7,0,2.9,0.1,0.9,0.167,0,0.1,0,0.1,0.7,0.2,0.167,0,0,,0.1,0.3,0.4,0.6,0,0,0,0,0.3
21,Deandre Ayton\aytonde01,C,23,PHO,27,27,30.7,7.5,11.8,0.633,0.1,0.3,0.25,7.4,11.5,0.643,0.636,2.1,3,0.713,2.9,8,11,1.5,0.8,0.9,1.7,2.3,17.1
22,Udoka Azubuike\azubuud01,C,22,UTA,6,1,6.7,0.7,0.8,0.8,0,0,,0.7,0.8,0.8,0.8,0.2,0.3,0.5,0.3,1,1.3,0,0.2,0.3,0.3,0.5,1.5
23,Marvin Bagley III\baglema01,PF,22,SAC,25,12,21.8,3.6,8.2,0.446,0.5,2.2,0.222,3.2,6,0.527,0.475,1.3,1.8,0.75,2.4,4.9,7.3,0.6,0.3,0.3,0.7,1.7,9.1
24,LaMelo Ball\ballla01,PG,20,CHO,37,37,31.9,7,16.7,0.421,2.7,7.3,0.369,4.3,9.4,0.462,0.502,2.6,2.9,0.881,1.6,5.6,7.2,7.6,1.7,0.4,3,3,19.4
25,Lonzo Ball\balllo01,PG,24,CHI,35,35,34.6,4.6,10.9,0.423,3.1,7.4,0.423,1.5,3.5,0.423,0.567,0.6,0.8,0.75,1,4.4,5.4,5.1,1.8,0.9,2.3,2.4,13
26,Mo Bamba\bambamo01,C,23,ORL,33,32,27.8,4,9,0.444,1.2,3.8,0.323,2.8,5.2,0.535,0.513,0.7,0.9,0.767,2.2,6.1,8.4,1.5,0.8,2.1,1.4,2.6,9.9
27,Desmond Bane\banede01,SF,23,MEM,44,44,29.9,6.6,14.2,0.466,2.9,6.9,0.42,3.7,7.3,0.511,0.569,1.4,1.5,0.896,0.5,4,4.5,2.4,1.1,0.5,1.5,2.5,17.5
28,Dalano Banton\bantoda01,SF,22,TOR,33,1,11.7,1.5,3.6,0.407,0.2,0.8,0.269,1.2,2.8,0.446,0.436,0.5,0.7,0.75,0.6,1.5,2,1.7,0.4,0.2,1,1.2,3.7
29,Cat Barber\barbeca01,PG,27,ATL,3,0,4.3,0,1.3,0,0,0,,0,1.3,0,0,0,1.3,0,0.3,0.7,1,1,0,0,0.3,0.3,0
30,Harrison Barnes\barneha02,PF,29,SAC,40,40,33.5,5.1,11.2,0.455,2.1,5,0.424,3,6.2,0.48,0.549,4,4.9,0.83,1.2,5.1,6.2,2.4,0.7,0.2,1.7,1.3,16.3
31,Scottie Barnes\barnesc01,PF,20,TOR,33,33,35.5,5.8,12.2,0.476,0.7,2.4,0.308,5.1,9.8,0.517,0.506,2.1,3,0.714,2.9,5.1,7.9,3.5,1,0.9,1.9,2.8,14.5
32,RJ Barrett\barrerj01,SF,21,NYK,36,36,32.1,6.1,14.5,0.418,1.9,5.4,0.357,4.1,9.1,0.454,0.485,2.8,4,0.703,0.7,4.8,5.5,2.4,0.5,0.3,1.8,2.1,16.9
33,Will Barton\bartowi01,SG,31,DEN,36,36,32.3,5.8,13.4,0.43,2.4,6.3,0.374,3.4,7.1,0.48,0.519,1.3,1.7,0.783,0.6,4.2,4.9,4.1,0.9,0.4,1.8,1.4,15.2
34,Paris Bass\basspa01,SF,26,PHO,2,0,3.5,1,3,0.333,0,1,0,1,2,0.5,0.333,1,1,1,1,1,2,0,0.5,0,1,1,3
35,Charles Bassey\bassech01,PF,21,PHI,19,0,7.6,1.3,1.9,0.676,0,0.2,0,1.3,1.8,0.735,0.676,0.4,0.6,0.727,0.9,1.9,2.8,0.3,0.2,0.8,0.4,1.4,3.1
36,Keita Bates-Diop\bateske01,SF,26,SAS,35,12,17.2,2.4,4.5,0.529,0.4,1,0.361,2,3.5,0.579,0.57,0.8,1.1,0.7,1.1,3.2,4.3,0.7,0.5,0.3,0.8,1.1,5.9
37,Nicolas Batum\batumni01,PF,33,LAC,25,21,25.5,3,6.3,0.471,1.8,4.7,0.381,1.2,1.6,0.744,0.615,0.5,0.8,0.632,0.4,4.3,4.7,1.5,1,0.8,1,1.4,8.2
38,Kent Bazemore\bazemke01,SF,32,LAL,25,14,16.6,1.4,4.2,0.33,0.8,2.3,0.351,0.6,2,0.306,0.425,0.4,0.5,0.769,0.3,1.7,2,0.9,0.8,0.2,0.4,2.1,4
39,Darius Bazley\bazleda01,PF,21,OKC,37,27,26.4,3.5,8.5,0.405,1,3.5,0.279,2.5,5.1,0.492,0.462,1.4,2.1,0.671,1.1,5.2,6.3,1.2,0.7,1.2,1.4,1,9.3
40,Bradley Beal\bealbr01,SG,28,WAS,34,34,36,9.1,20,0.455,1.6,5.5,0.298,7.4,14.4,0.515,0.496,4.2,5,0.84,1,3.7,4.7,6.4,0.9,0.4,3.4,2.4,24
41,Malik Beasley\beaslma01,SG,25,MIN,42,9,27.1,4.4,11.9,0.37,3,8.7,0.342,1.4,3.2,0.444,0.495,0.5,0.6,0.741,0.4,2.8,3.2,1.7,0.6,0.1,0.8,1.3,12.3
42,Jordan Bell\belljo01,C,27,CHI,1,0,2,0,0,,0,0,,0,0,,,0,0,,1,0,1,0,1,0,0,2,0
43,DeAndre' Bembry\bembrde01,SF,27,BRK,38,16,19.6,2.4,4.2,0.581,0.3,0.7,0.444,2.1,3.5,0.609,0.619,0.4,0.7,0.593,0.7,2.4,3.1,1.2,1.1,0.6,0.7,2.1,5.6
44,Dāvis Bertāns\bertada01,PF,29,WAS,29,0,15.7,2,5.4,0.361,1.6,4.6,0.338,0.4,0.9,0.48,0.503,0.9,1,0.931,0.2,1.8,2,0.5,0.4,0.2,0.4,1.7,6.4
45,Patrick Beverley\beverpa01,PG,33,MIN,29,25,26.6,3.2,7.8,0.414,1.2,4,0.31,2,3.8,0.523,0.493,1.3,1.8,0.717,1.2,3.4,4.6,5.1,1.1,0.9,1.2,2.9,9
46,Saddiq Bey\beysa01,SF,22,DET,41,41,33.8,5.2,13.8,0.381,2.3,7.1,0.331,2.9,6.7,0.434,0.466,2.3,2.8,0.828,1.4,4.8,6.2,2.5,0.9,0.2,1.5,1.7,15.2
47,Khem Birch\birchkh01,C,29,TOR,23,7,21,2.2,4.5,0.495,0,0.3,0,2.2,4.1,0.537,0.495,1.3,1.8,0.738,2.7,2.5,5.2,1.2,0.8,0.5,0.7,1.7,5.8
48,Goga Bitadze\bitadgo01,C,22,IND,23,0,7.7,0.9,2.7,0.328,0.2,1.3,0.138,0.7,1.4,0.5,0.361,0.6,0.9,0.65,0.9,1.1,2,0.1,0.4,0.5,0.3,1.4,2.5
49,Bismack Biyombo\biyombi01,C,29,PHO,4,0,16.3,2.8,4,0.688,0,0,,2.8,4,0.688,0.688,1.3,2,0.625,2,3,5,1,0.8,1.8,0.5,1.8,6.8
50,Nemanja Bjelica\bjeline01,C,33,GSW,42,0,15.2,2.4,5.3,0.444,0.9,2.6,0.358,1.4,2.7,0.526,0.531,0.8,1.1,0.667,0.8,3.1,4,1.7,0.6,0.3,1,1.5,6.4
51,Eric Bledsoe\bledser01,PG,32,LAC,44,29,26.3,3.7,8.8,0.422,0.9,3,0.308,2.8,5.8,0.48,0.474,1.6,2.1,0.78,0.5,3,3.5,4.1,1.3,0.4,2.3,1.6,10
52,Keljin Blevins\blevike01,SF,26,POR,5,0,6.6,0.8,1.6,0.5,0.8,1.4,0.571,0,0.2,0,0.75,0,0.4,0,0,0.6,0.6,0.4,0,0,0.6,0.2,2.4
53,Bogdan Bogdanovic\bogdabo01,SG,29,ATL,28,26,28.7,4.4,10.8,0.412,2.2,6.3,0.354,2.2,4.5,0.492,0.515,1,1.3,0.771,0.3,3.4,3.8,2.6,0.7,0.2,1,1.9,12
54,Bojan Bogdanovic\bogdabo02,PF,32,UTA,41,41,30.6,6.1,12.8,0.476,2.6,6.4,0.407,3.5,6.4,0.546,0.578,3.1,3.6,0.859,0.8,3.4,4.1,1.6,0.5,0,1.7,1.6,17.9
55,Bol Bol\bolbo01,PF,22,DEN,14,0,5.8,1.1,1.9,0.556,0.1,0.3,0.25,1,1.6,0.609,0.574,0.1,0.4,0.4,0.3,1.1,1.4,0.4,0.1,0.1,0.3,0.3,2.4
56,Leandro Bolmaro\bolmale01,SF,21,MIN,23,2,8,0.4,1.4,0.281,0.1,0.5,0.167,0.3,0.9,0.35,0.313,0.3,0.4,0.889,0.7,0.9,1.5,0.5,0.2,0,0.5,0.9,1.2
57,Isaac Bonga\bongais01,SF,22,TOR,12,0,5.3,0.3,1.1,0.231,0.1,0.3,0.25,0.2,0.8,0.222,0.269,0.3,0.5,0.667,0.3,0.3,0.6,0.3,0.6,0.2,0.2,0.8,0.9
58,Devin Booker\bookede01,SG,25,PHO,34,34,32.9,8.4,19.2,0.437,2.7,6.6,0.409,5.7,12.6,0.452,0.508,4.2,4.8,0.871,0.9,4.5,5.4,4.4,0.9,0.3,2.6,2.5,23.7
59,Brandon Boston Jr.\bostobr01,SG,20,LAC,27,0,16.1,2.4,6.7,0.354,0.6,2.3,0.27,1.7,4.4,0.398,0.401,1.4,1.6,0.86,0.4,2,2.4,0.9,0.6,0.3,0.7,0.7,6.7
60,Chris Boucher\bouchch01,PF,29,TOR,38,7,18.9,3.1,7.1,0.442,0.7,2.9,0.236,2.4,4.2,0.585,0.491,1.8,2.3,0.753,2,3.6,5.6,0.4,0.6,1,0.7,1.9,8.7
61,James Bouknight\bouknja01,SG,21,CHO,18,0,8.2,1.3,3.7,0.343,0.6,1.6,0.393,0.7,2.2,0.308,0.425,0.4,0.6,0.8,0.8,0.7,1.5,0.8,0.1,0,0.3,0.7,3.6
62,Avery Bradley\bradlav01,SG,31,LAL,35,30,23.7,2.6,6.1,0.423,1.3,3.5,0.385,1.2,2.6,0.473,0.533,0.3,0.3,1,0.5,2,2.5,0.9,0.9,0.2,0.5,1.8,6.7
63,Tony Bradley\bradlto01,C,24,CHI,29,7,12.6,1.7,3,0.57,0,0,,1.7,3,0.57,0.57,0.4,0.5,0.8,1.4,2.9,4.4,0.6,0.2,0.7,0.6,1.2,3.8
64,Ignas Brazdeikis\brazdig01,SF,23,ORL,17,0,8.8,0.7,2.6,0.267,0.2,1.4,0.174,0.5,1.3,0.364,0.311,0.3,0.4,0.833,0.4,1,1.4,0.5,0.2,0.1,0.3,0.9,1.9
65,Mikal Bridges\bridgmi01,SF,25,PHO,41,41,34,4.9,9.5,0.512,1.4,3.7,0.391,3.4,5.8,0.588,0.587,1,1.2,0.857,0.9,3,3.9,1.8,1.2,0.4,0.8,1.9,12.2
66,Miles Bridges\bridgmi02,PF,23,CHO,41,41,36.1,7.4,15.6,0.473,1.9,6,0.317,5.5,9.6,0.571,0.534,2.9,3.8,0.761,1.3,5.9,7.2,3.6,1.1,0.9,1.8,2.6,19.6
67,Oshae Brissett\brissos01,SF,23,IND,32,1,18.5,2.4,5.5,0.44,0.9,2.6,0.354,1.5,2.9,0.516,0.523,0.5,0.9,0.567,1.3,2.6,3.9,0.7,0.5,0.3,0.7,1.5,6.3
68,Malcolm Brogdon\brogdma01,PG,29,IND,27,27,33.6,6.6,14.7,0.446,1.7,5.5,0.311,4.9,9.2,0.526,0.504,3.7,4.3,0.855,0.9,4.3,5.2,5.9,0.9,0.4,2.2,2,18.5
69,Armoni Brooks\brookar01,SG,23,HOU,33,8,18.2,2.5,6.7,0.367,1.8,5.6,0.317,0.7,1.1,0.629,0.5,0.5,0.5,0.889,0.3,1.7,2,1.4,0.6,0.2,0.6,1.6,7.2
70,Dillon Brooks\brookdi01,SF,26,MEM,21,20,28,6.9,16.2,0.426,1.6,4.8,0.327,5.3,11.4,0.469,0.475,3,3.4,0.889,0.8,2.5,3.3,2.7,1.3,0.2,1.8,3.3,18.4
71,Bruce Brown\brownbr01,SF,25,BRK,33,18,22,2.9,6,0.487,0.3,1,0.313,2.6,5.1,0.521,0.513,0.6,0.8,0.769,1.3,3.2,4.5,1.2,1.2,0.5,0.7,2.7,6.8
72,Charlie Brown Jr.\brownch02,SG,24,TOT,8,0,8.5,0.4,1.9,0.2,0,1.1,0,0.4,0.8,0.5,0.2,0.3,0.4,0.667,0.3,1,1.3,0.5,0.8,0.3,0.3,1,1
72,Charlie Brown Jr.\brownch02,SG,24,DAL,3,0,5,0.3,1.7,0.2,0,1,0,0.3,0.7,0.5,0.2,0,0,,0,0.3,0.3,0.3,0.7,0.3,0,0.7,0.7
72,Charlie Brown Jr.\brownch02,SG,24,PHI,5,0,10.6,0.4,2,0.2,0,1.2,0,0.4,0.8,0.5,0.2,0.4,0.6,0.667,0.4,1.4,1.8,0.6,0.8,0.2,0.4,1.2,1.2
73,Chaundee Brown Jr.\brownch05,SG-SF,23,TOT,5,2,20.8,2,6.4,0.313,1.2,3.6,0.333,0.8,2.8,0.286,0.406,1,1.2,0.833,0.2,3,3.2,0.8,0.4,0,0.2,1.4,6.2
73,Chaundee Brown Jr.\brownch05,SF,23,LAL,2,0,10.5,0.5,3.5,0.143,0,1.5,0,0.5,2,0.25,0.143,0,0,,0,1,1,0,0,0,0.5,0,1
73,Chaundee Brown Jr.\brownch05,SG,23,ATL,3,2,27.7,3,8.3,0.36,2,5,0.4,1,3.3,0.3,0.48,1.7,2,0.833,0.3,4.3,4.7,1.3,0.7,0,0,2.3,9.7
74,Greg Brown III\browngr01,SF,20,POR,16,0,5.2,0.8,1.9,0.419,0,0.4,0,0.8,1.6,0.52,0.419,0.4,0.8,0.462,0.5,0.8,1.3,0.3,0.1,0.3,0.4,0.7,2
75,Jaylen Brown\brownja02,SF,25,BOS,30,30,34.7,8.8,19.2,0.459,2.8,7.6,0.367,6,11.5,0.52,0.532,3.8,4.9,0.777,0.9,5.6,6.4,3,1.2,0.5,3.1,2.7,24.2
76,Moses Brown\brownmo01,C,22,DAL,25,1,6.6,1.1,2,0.54,0,0,,1.1,2,0.54,0.54,1.1,1.7,0.628,0.6,1.7,2.4,0,0.1,0.3,0.6,1.1,3.2
77,Sterling Brown\brownst02,SG,26,DAL,35,3,14.5,1.5,3.6,0.402,0.8,2.2,0.346,0.7,1.4,0.49,0.508,0.3,0.3,0.909,0.6,3,3.6,0.8,0.3,0.1,0.6,1.2,4
78,Troy Brown Jr.\browntr01,SF,22,CHI,30,2,15.1,1.6,3.8,0.421,0.5,1.7,0.32,1.1,2.1,0.5,0.491,0.4,0.5,0.75,0.5,2.3,2.8,1.3,0.7,0.1,0.4,1,4.1
79,Jalen Brunson\brunsja01,PG,25,DAL,42,24,30.9,6.5,12.8,0.505,1,3,0.341,5.4,9.8,0.555,0.545,2.1,2.7,0.779,0.6,3.2,3.8,5.6,1,0,1.6,1.8,16
80,Thomas Bryant\bryanth01,C,24,WAS,2,0,11.5,1,2.5,0.4,0.5,1.5,0.333,0.5,1,0.5,0.5,0.5,1,0.5,0,1.5,1.5,0.5,0,0,0,1.5,3
81,Shaq Buchanan\buchash01,PG,25,MEM,2,0,5,0.5,2,0.25,0,1,0,0.5,1,0.5,0.25,0,0,,0.5,0.5,1,1,0.5,0,1,0.5,1
82,Reggie Bullock\bullore01,SF,30,DAL,36,13,23.9,2.3,6,0.382,1.4,4.5,0.321,0.9,1.5,0.564,0.502,0.4,0.5,0.737,0.3,2.7,3,1.1,0.4,0.1,0.5,1.3,6.4
83,Trey Burke\burketr01,PG,29,DAL,21,0,12.6,2.6,6.2,0.423,0.8,2.4,0.32,1.9,3.8,0.488,0.485,0.8,0.8,0.941,0.1,1,1.1,2,0.4,0,0.8,1,6.8
84,Alec Burks\burksal01,SG,30,NYK,42,18,27.9,3.6,9.3,0.391,1.9,4.7,0.409,1.7,4.5,0.372,0.495,2.7,3.3,0.832,0.5,3.9,4.4,2.6,1.3,0.3,0.9,2.3,11.9
85,Jared Butler\butleja02,SG,21,UTA,20,1,5.7,0.9,2.6,0.346,0.5,1.5,0.333,0.4,1.1,0.364,0.442,0.3,0.5,0.667,0.1,0.7,0.8,0.7,0.2,0.3,0.8,1,2.6
86,Jimmy Butler\butleji01,SF,32,MIA,25,25,33.8,7.5,15.4,0.49,0.4,1.8,0.239,7.1,13.5,0.524,0.504,7.1,8.1,0.876,1.8,3.9,5.7,5.7,2,0.4,1.9,1.4,22.6
87,Devontae Cacok\cacokde01,PF,25,SAS,7,0,8.3,2,3,0.667,0,0,,2,3,0.667,0.667,0,0,,0.7,2.3,3,0.3,0.6,0.7,0.1,1.1,4
88,Kentavious Caldwell-Pope\caldwke01,SG,28,WAS,40,40,29.8,4.1,10,0.415,2.1,5.5,0.384,2,4.5,0.453,0.52,1.2,1.4,0.873,0.5,3.2,3.7,1.8,1.1,0.4,1.4,1.8,11.6
89,Facundo Campazzo\campafa01,PG,30,DEN,40,4,22.3,2.3,5.7,0.396,1.2,3.6,0.333,1.1,2.1,0.506,0.502,1.2,1.5,0.81,0.4,1.8,2.2,4.3,1.2,0.5,1.3,2.2,6.9
90,Vlatko Čančar\cancavl01,PF,24,DEN,14,1,10.9,1.6,2.8,0.564,0.5,0.9,0.583,1.1,1.9,0.556,0.654,0.6,0.9,0.75,0.4,1.2,1.6,0.9,0.1,0.2,0.6,0.9,4.3
91,Clint Capela\capelca01,C,27,ATL,36,36,29.7,5.3,9.3,0.569,0,0,0,5.3,9.3,0.571,0.569,1.3,2.7,0.464,4.2,8.9,13.1,1.4,0.8,1.5,0.6,2.5,11.8
92,Vernon Carey Jr.\careyve01,C,20,CHO,2,1,6,1.5,3,0.5,0,0,,1.5,3,0.5,0.5,0.5,0.5,1,1,0.5,1.5,0,0.5,0,0.5,0.5,3.5
93,Jevon Carter\carteje01,PG,26,BRK,34,1,11.6,1,3.3,0.301,0.7,2.4,0.284,0.3,0.9,0.344,0.403,0.1,0.1,0.75,0.2,1.2,1.4,0.9,0.4,0.2,0.4,1,2.8
94,Wendell Carter Jr.\cartewe01,C,22,ORL,37,37,29.4,4.9,10.1,0.489,1.2,3.8,0.331,3.7,6.4,0.583,0.551,2,2.7,0.723,2.2,8.1,10.3,2.7,0.7,0.6,1.6,2.8,13.1
95,Alex Caruso\carusal01,SG,27,CHI,26,9,28,2.8,6.3,0.448,1.1,3,0.364,1.7,3.3,0.523,0.534,1.7,2,0.83,1,2.8,3.7,4,2,0.3,1.5,2.5,8.4
96,Willie Cauley-Stein\caulewi01,C,28,DAL,18,2,9.8,0.9,1.9,0.457,0.1,0.1,0.5,0.8,1.8,0.455,0.471,0.1,0.1,0.5,0.7,1.4,2.1,0.5,0.3,0.2,0.4,0.9,1.9
97,Ahmad Caver\caverah01,PG,25,IND,1,0,1,1,1,1,0,0,,1,1,1,1,0,0,,0,0,0,0,0,0,0,0,2
98,Justin Champagnie\champju01,SF,20,TOR,23,0,8.9,1.1,2.3,0.472,0.3,0.8,0.333,0.8,1.5,0.543,0.528,0.4,0.4,1,1.5,1,2.4,0.2,0.2,0.2,0.2,1.1,2.8
99,Zylan Cheatham\cheatzy01,SF,26,UTA,1,0,5,0,3,0,0,2,0,0,1,0,0,0,0,,0,0,0,0,0,0,0,0,0
100,Chris Chiozza\chiozch01,PG,26,GSW,21,1,11.3,0.8,2.7,0.286,0.6,1.7,0.361,0.1,1,0.15,0.402,0,0,1,0.4,0.9,1.3,1.9,0.4,0,1,1,2.2
101,Marquese Chriss\chrisma01,PF,24,DAL,13,0,11.3,2.6,4.3,0.607,0.5,1.1,0.429,2.2,3.2,0.667,0.661,0.8,1.2,0.625,0.8,2.9,3.7,0.3,0.2,0.3,0.8,2.5,6.5
102,Josh Christopher\chrisjo01,SG,20,HOU,36,2,16.1,2.6,5.7,0.459,0.7,2.1,0.342,1.9,3.6,0.527,0.522,1.1,1.4,0.8,0.7,1.3,2,1.7,0.8,0.1,1.6,1.1,7.1
103,Gary Clark\clarkga01,PF,27,NOP,12,1,10.7,1.1,2.4,0.448,1,2.2,0.462,0.1,0.3,0.333,0.655,0.2,0.3,0.5,0.6,1.9,2.5,0.3,0.3,0.2,0.3,0.3,3.3
104,Brandon Clarke\clarkbr01,PF,25,MEM,31,1,18,4.1,6.4,0.643,0.1,0.5,0.235,4,5.9,0.681,0.653,1.2,1.8,0.673,1.9,3.2,5.1,1.4,0.4,1.1,0.5,1.6,9.6
105,Jordan Clarkson\clarkjo01,SG,29,UTA,41,0,26,5.6,14,0.401,2.6,8.2,0.319,3,5.8,0.517,0.495,1.5,1.9,0.789,0.7,2.7,3.4,2.2,0.7,0.2,1.6,1.8,15.3
106,Nic Claxton\claxtni01,C,22,BRK,20,14,22.2,4,6.1,0.656,0,0,,4,6.1,0.656,0.656,1.2,2,0.615,1.9,3.6,5.5,1,0.6,1.2,0.8,2.5,9.2
107,Amir Coffey\coffeam01,SG,24,LAC,31,9,19.1,2.1,4.7,0.448,1.1,2.9,0.389,1,1.8,0.545,0.569,1.3,1.5,0.872,0.4,2.5,2.9,1.5,0.5,0.2,0.4,1.1,6.6
108,John Collins\collijo01,PF,24,ATL,37,37,32.4,6.5,11.9,0.543,1.4,3.1,0.443,5.1,8.8,0.578,0.601,2.9,3.7,0.794,1.8,6,7.8,1.9,0.6,1.1,1.2,3.1,17.3
109,Darren Collison\collida01,PG,34,LAL,3,0,12.3,0.7,2.3,0.286,0,1,0,0.7,1.3,0.5,0.286,0,0,,0,1.3,1.3,0.7,0.3,0,0.3,1.7,1.3
110,Mike Conley\conlemi01,PG,34,UTA,37,37,28.4,4.9,10.7,0.461,2.4,5.6,0.426,2.5,5.1,0.5,0.573,1.6,2,0.8,0.6,2.4,3,5.3,1.1,0.3,1.5,1.8,13.9
111,Pat Connaughton\connapa01,SG,29,MIL,42,15,27.6,3.8,8,0.47,2.3,5.8,0.395,1.5,2.2,0.667,0.613,0.7,0.8,0.8,0.7,3.9,4.6,1.4,0.9,0.3,0.7,1.3,10.5
112,Tyler Cook\cookty01,PF,24,CHI,9,0,10.4,1.4,2.2,0.65,0,0,,1.4,2.2,0.65,0.65,1.6,1.8,0.875,0.7,1.7,2.3,0.3,0.3,0.1,0.4,1.6,4.4
113,Sharife Cooper\coopesh01,PG,20,ATL,10,0,3.5,0.3,1.4,0.214,0.1,0.6,0.167,0.2,0.8,0.25,0.25,0,0,,0,0.5,0.5,0.5,0,0,0.5,0.1,0.7
114,Petr Cornelie\cornepe01,PF,26,DEN,13,0,2.9,0.4,1.2,0.333,0.1,0.6,0.125,0.3,0.5,0.571,0.367,0.2,0.3,0.75,0.5,0.5,1.1,0.2,0.1,0.1,0.3,0.5,1.1
115,DeMarcus Cousins\couside01,C,31,MIL,17,5,16.9,3.2,6.9,0.466,0.8,2.8,0.271,2.5,4.1,0.6,0.521,1.8,2.2,0.816,1.4,4.4,5.8,1.1,0.9,0.5,0.9,2.7,9.1
116,Robert Covington\covinro01,PF,31,POR,39,31,28.5,2.8,6.8,0.406,1.7,4.8,0.355,1.1,2.1,0.525,0.53,0.4,0.5,0.85,0.8,4.5,5.3,1.2,1.5,1.2,1.1,2.6,7.7
117,Torrey Craig\craigto01,SF,31,IND,38,1,17.2,2.2,4.5,0.488,0.7,2.1,0.321,1.5,2.4,0.637,0.564,0.6,0.8,0.828,1.2,2.2,3.4,1.1,0.4,0.3,0.7,1.7,5.7
118,Jae Crowder\crowdja01,PF,31,PHO,35,35,28.3,3.2,8,0.402,1.9,5.4,0.351,1.3,2.7,0.505,0.52,1,1.3,0.795,0.3,4.5,4.8,1.4,1.2,0.5,0.9,2.3,9.3
119,Jarrett Culver\culveja01,SG,22,MEM,18,0,10.2,1.7,4.1,0.425,0.3,1.3,0.217,1.4,2.8,0.52,0.459,0.5,1,0.5,0.3,1.3,1.7,1.1,0.6,0.1,0.3,0.9,4.2
120,Jarron Cumberland\cumbeja01,SG,24,POR,3,0,4,0.3,0.7,0.5,0,0.3,0,0.3,0.3,1,0.5,0,0,,0.3,0.7,1,0.3,0,0,0,0.7,0.7
121,Cade Cunningham\cunnica01,PG,20,DET,32,32,32.4,5.8,14.8,0.39,2.2,6.8,0.321,3.6,8,0.449,0.464,1.8,2.1,0.848,0.9,4.9,5.8,5.3,1.3,0.6,3.8,2.8,15.5
122,Seth Curry\curryse01,SG,31,PHI,38,38,34.9,6.1,11.9,0.513,2.4,5.6,0.425,3.8,6.4,0.591,0.612,1.7,1.9,0.877,0.4,2.9,3.3,4,0.8,0.2,1.9,2.2,16.3
123,Stephen Curry\curryst01,PG,33,GSW,39,39,34.5,8.5,20.2,0.421,4.9,12.8,0.384,3.6,7.4,0.484,0.543,4.4,4.8,0.914,0.6,4.8,5.4,6,1.4,0.5,3.4,2,26.3
124,Anthony Davis\davisan02,C,28,LAL,27,27,35.4,9.3,17.9,0.521,0.4,2.1,0.179,8.9,15.8,0.566,0.531,4.3,6,0.727,2.7,7.1,9.9,2.9,1.2,2,2.2,2.3,23.3
125,Ed Davis\davised01,C,32,CLE,12,2,9.3,0.8,1,0.75,0,0,,0.8,1,0.75,0.75,0.1,0.5,0.167,0.4,2.7,3.1,0.1,0.3,0.6,0.3,1.4,1.6
126,Terence Davis\daviste02,SG,24,SAC,26,7,16.2,3.3,8,0.411,1.4,4.4,0.313,1.9,3.5,0.533,0.498,0.9,1.2,0.8,0.3,2.5,2.8,1.1,0.7,0.4,1.1,2.2,8.8
127,Gabriel Deck\deckga01,PF,26,OKC,7,0,8,1.1,2,0.571,0.3,0.6,0.5,0.9,1.4,0.6,0.643,0,0,,0.1,0.7,0.9,0.7,0.1,0,0.3,0.3,2.6
128,Dewayne Dedmon\dedmode01,C,32,MIA,36,15,17.2,2.6,4.4,0.582,0.3,0.6,0.571,2.2,3.8,0.584,0.62,1.1,1.4,0.769,1.8,4.3,6.1,0.8,0.4,0.5,1,2.3,6.6
129,Sam Dekker\dekkesa01,PF,27,TOR,1,0,1,0,0,,0,0,,0,0,,,0,0,,0,0,0,0,0,0,0,0,0
130,Javin DeLaurier\delauja01,C,23,MIL,1,0,3,0,0,,0,0,,0,0,,,0,0,,0,1,1,0,1,0,0,1,0
131,DeMar DeRozan\derozde01,PF,32,CHI,38,38,34.7,9.2,18.9,0.488,0.7,1.9,0.352,8.6,17,0.503,0.506,6.6,7.7,0.856,0.8,4.4,5.2,4.8,0.8,0.3,2.1,2.2,25.7
132,Mamadi Diakite\diakima01,PF,25,OKC,2,0,11,1,2.5,0.4,0,0,,1,2.5,0.4,0.4,0,0,,0.5,1.5,2,0,0,0.5,0.5,2,2
133,Cheick Diallo\diallch01,C,25,DET,3,0,10.3,1,2.7,0.375,0,0,,1,2.7,0.375,0.375,1.7,2,0.833,1.3,2.7,4,0,0.3,0,0.3,2,3.7
134,Hamidou Diallo\diallha01,SG,23,DET,34,17,22,4.6,8.8,0.52,0.4,1.5,0.269,4.1,7.2,0.573,0.544,1.2,2,0.609,1.1,3.5,4.6,1.3,1.3,0.4,1.1,2.4,10.8
135,Gorgui Dieng\dienggo01,C,32,ATL,31,3,9.8,1.3,2.7,0.464,0.6,1.5,0.413,0.6,1.2,0.526,0.577,0.5,0.7,0.739,0.9,2.4,3.3,0.9,0.3,0.4,0.5,1.4,3.7
136,Spencer Dinwiddie\dinwisp01,PG,28,WAS,34,34,30.4,4.7,11.7,0.402,1.7,5.2,0.326,3,6.5,0.464,0.475,2.8,3.5,0.805,0.8,3.8,4.6,5.8,0.6,0.1,1.6,2.5,13.9
137,Donte DiVincenzo\divindo01,SG,25,MIL,6,0,17.2,1.2,6.2,0.189,1,4.3,0.231,0.2,1.8,0.091,0.27,2,2.2,0.923,1.5,3.5,5,0.8,0.5,0.2,2,1.8,5.3
138,Luka Doncic\doncilu01,PG,22,DAL,28,28,34.6,9.1,20.9,0.437,2.4,7.9,0.297,6.8,12.9,0.522,0.493,4.1,5.7,0.73,0.7,7.8,8.5,8.7,1.1,0.4,4.6,2.4,24.7
139,Luguentz Dort\dortlu01,SF,22,OKC,38,38,32.3,5.6,14.1,0.401,2.4,7.7,0.32,3.2,6.4,0.498,0.488,2.9,3.4,0.845,0.6,3.4,4,1.7,0.9,0.4,1.5,2.8,16.6
140,Ayo Dosunmu\dosunay01,SG,22,CHI,37,3,20.4,2.7,5,0.538,0.8,1.7,0.444,1.9,3.3,0.587,0.614,0.6,1,0.579,0.4,1.7,2.1,1.4,0.4,0.4,0.9,1.8,6.7
141,Damyean Dotson\dotsoda01,SG,27,NYK,2,0,10.5,1,2,0.5,0,0.5,0,1,1.5,0.667,0.5,0,0,,0,1,1,0.5,0,0,0,0,2
142,Devon Dotson\dotsode01,PG,22,CHI,11,0,7.7,1,2.1,0.478,0.2,0.8,0.222,0.8,1.3,0.643,0.522,0.5,0.8,0.556,0.1,0.7,0.8,1.4,0.1,0,0.5,1,2.6
143,Sekou Doumbouya\doumbse01,PF,21,LAL,2,0,8,2.5,4,0.625,0.5,1,0.5,2,3,0.667,0.688,1.5,2,0.75,1,2,3,0,1.5,1,1,0.5,7
144,Jeff Dowtin\dowtije01,PG,24,TOT,5,0,6.2,0.6,1.4,0.429,0,0.4,0,0.6,1,0.6,0.429,0,0,,0.2,1.2,1.4,0.6,0,0.2,0.2,0.4,1.2
144,Jeff Dowtin\dowtije01,PG,24,GSW,4,0,7,0.8,1.5,0.5,0,0.3,0,0.8,1.3,0.6,0.5,0,0,,0.3,1.5,1.8,0.8,0,0.3,0.3,0.5,1.5
144,Jeff Dowtin\dowtije01,PG,24,MIL,1,0,3,0,1,0,0,1,0,0,0,,0,0,0,,0,0,0,0,0,0,0,0,0
145,PJ Dozier\doziepj01,SG,25,DEN,18,0,18.9,2,5.5,0.364,0.8,2.7,0.313,1.2,2.8,0.412,0.439,0.6,0.7,0.769,0.8,2.7,3.5,1.6,0.6,0.3,0.7,1.8,5.4
146,Goran Dragić\dragigo01,PG,35,TOR,5,2,18,2.6,6.8,0.382,0.8,2.8,0.286,1.8,4,0.45,0.441,2,2,1,0.4,2.4,2.8,1.8,1,0.2,0.2,1.6,8
147,Andre Drummond\drumman01,C,28,PHI,37,11,18.9,2.6,4.9,0.536,0,0,0,2.6,4.9,0.538,0.536,1.1,2,0.527,2.9,6.1,9,2,1.1,1,1.6,2.4,6.4
148,Chris Duarte\duartch01,SG,24,IND,35,25,28.5,4.9,11.5,0.429,1.8,5.2,0.343,3.2,6.3,0.5,0.506,1.3,1.8,0.688,0.6,3.3,3.9,2.1,1,0.1,1.7,1.7,12.9
149,David Duke Jr.\dukeda01,PG,22,BRK,13,7,18.7,2.2,6,0.372,0.5,1.9,0.28,1.7,4.1,0.415,0.417,1.1,1.3,0.824,2,2.3,4.3,1,0.5,0.5,0.6,2.2,6.1
150,Kevin Durant\duranke01,PF,33,BRK,36,36,36.5,10.5,20.3,0.52,1.9,5,0.372,8.7,15.3,0.568,0.566,6.3,7.1,0.894,0.6,6.9,7.4,5.8,0.8,0.9,3,1.9,29.3
151,Jaime Echenique\echenja01,C,24,WAS,1,0,3,0,0,,0,0,,0,0,,,0,0,,0,0,0,0,0,0,0,0,0
152,Anthony Edwards\edwaran01,SG,20,MIN,36,36,35.5,8.3,18.6,0.443,3.3,8.8,0.374,4.9,9.8,0.504,0.531,2.8,3.5,0.802,1.1,4.3,5.4,3.7,1.6,0.7,3.2,2.4,22.6
153,Kessler Edwards\edwarke02,SF,21,BRK,11,4,22.9,3.3,7.3,0.45,1.4,3.3,0.417,1.9,4,0.477,0.544,0.1,0.1,1,1.4,2.8,4.2,1.1,0.7,0.7,1,1.6,8
154,Rob Edwards\edwarro01,SG,25,OKC,2,0,5.5,0.5,2,0.25,0.5,2,0.25,0,0,,0.375,0,0,,0,1.5,1.5,0,0,0,0.5,0,1.5
155,CJ Elleby\ellebcj01,SF,21,POR,23,0,10.1,1.3,3,0.414,0.5,1.6,0.333,0.7,1.5,0.5,0.5,0.5,0.6,0.857,0.7,1.3,2,0.7,0.4,0,0.5,1.3,3.6
156,Wayne Ellington\ellinwa01,SG,34,LAL,30,8,20.1,2.2,5.4,0.399,1.9,5,0.383,0.3,0.5,0.571,0.574,0.1,0.2,0.8,0.2,1.4,1.6,0.7,0.5,0.1,0.5,1,6.4
157,Joel Embiid\embiijo01,C,27,PHI,31,31,33,8.7,17.9,0.484,1.2,3.4,0.365,7.5,14.6,0.511,0.518,8.6,10.6,0.812,1.9,8.7,10.6,4.3,1.1,1.4,2.9,2.5,27.2
158,James Ennis III\ennisja01,SF,31,TOT,6,0,8.8,1.7,3.7,0.455,0.5,1.3,0.375,1.2,2.3,0.5,0.523,0.7,0.7,1,0.8,1.2,2,0.5,0.3,0.3,0.3,0.8,4.5
158,James Ennis III\ennisja01,SF,31,BRK,2,0,7,1,3.5,0.286,0.5,1,0.5,0.5,2.5,0.2,0.357,0,0,,1,1.5,2.5,0,0.5,0.5,0,0,2.5
158,James Ennis III\ennisja01,SF,31,LAC,2,0,14,3.5,5.5,0.636,1,2,0.5,2.5,3.5,0.714,0.727,2,2,1,1,1.5,2.5,0,0.5,0.5,0.5,2,10
158,James Ennis III\ennisja01,SF,31,DEN,2,0,5.5,0.5,2,0.25,0,1,0,0.5,1,0.5,0.25,0,0,,0.5,0.5,1,1.5,0,0,0.5,0.5,1
159,Drew Eubanks\eubandr01,C,24,SAS,38,8,12.8,1.7,3.3,0.512,0,0.2,0.167,1.7,3.2,0.529,0.516,1.3,1.7,0.758,1.2,2.9,4.1,1.1,0.3,0.7,1.1,1.4,4.8
160,Tacko Fall\fallta01,C,26,CLE,11,1,5.4,0.5,1.1,0.417,0,0,,0.5,1.1,0.417,0.417,0.2,0.6,0.286,0.6,1.5,2.1,0.2,0,0.5,0.3,0.3,1.1
161,Derrick Favors\favorde01,C,30,OKC,31,13,16,2.4,4.7,0.497,0.1,0.4,0.167,2.3,4.4,0.526,0.503,0.3,0.6,0.556,1.5,3.2,4.7,0.8,0.4,0.2,0.2,1.5,5.1
162,Bruno Fernando\fernabr01,C,23,BOS,14,0,2.7,0.3,0.4,0.667,0,0,,0.3,0.4,0.667,0.667,0.1,0.2,0.667,0.2,0.4,0.6,0.1,0,0.1,0.4,0.4,0.7
163,Dorian Finney-Smith\finnedo01,PF,28,DAL,42,42,32,3.8,8.5,0.447,1.9,5.1,0.371,1.9,3.5,0.559,0.557,0.8,1.2,0.667,1.5,3.1,4.6,1.9,1.2,0.5,1,2.3,10.3
164,Malik Fitts\fittsma01,PF,24,UTA,7,0,5,0.3,1.3,0.222,0.3,0.6,0.5,0,0.7,0,0.333,0,0,,0,1.4,1.4,0,0,0,0.3,0.4,0.9
165,Malachi Flynn\flynnma01,PG,23,TOR,27,1,8.6,1.1,3.2,0.349,0.4,1.6,0.273,0.7,1.6,0.429,0.419,0.1,0.3,0.571,0.2,0.8,1,0.9,0.4,0.1,0.3,0.9,2.8
166,Bryn Forbes\forbebr01,SG,28,SAS,40,1,16.9,3.2,7.4,0.432,1.6,3.8,0.417,1.6,3.6,0.448,0.539,1.1,1.2,0.898,0.1,1.5,1.6,1,0.4,0.1,0.8,1.1,9.1
167,Aleem Ford\fordal03,SF,24,ORL,5,0,14.8,1.2,4,0.3,0.4,3,0.133,0.8,1,0.8,0.35,0,0,,0.4,2.6,3,0.4,0.2,0,0.8,1.4,2.8
168,Trent Forrest\forretr01,PG,23,UTA,31,2,9,0.6,1.2,0.486,0,0.1,0.25,0.5,1.1,0.515,0.5,0.4,0.5,0.786,0.3,1.1,1.4,1,0.2,0,0.8,0.5,1.5
169,Evan Fournier\fournev01,SG,29,NYK,41,41,29,5,11.9,0.42,2.7,6.9,0.391,2.3,4.9,0.46,0.534,1.1,1.5,0.733,0.5,2.4,2.9,1.8,0.9,0.2,1.3,1.9,13.7
170,De'Aaron Fox\foxde01,PG,24,SAC,41,41,34.3,7.9,17.2,0.456,0.9,3.7,0.25,6.9,13.5,0.513,0.483,4.4,5.9,0.745,0.5,3.2,3.7,5.1,1.2,0.4,2.8,2.8,21
171,Tim Frazier\fraziti01,PG,31,ORL,10,3,20,1.3,4.3,0.302,0.6,1.7,0.353,0.7,2.6,0.269,0.372,0.5,0.9,0.556,0.5,1.4,1.9,3.3,0.3,0.1,1.3,2.4,3.7
172,Enes Freedom\kanteen01,C,29,BOS,27,1,12.4,1.7,3.1,0.553,0,0.1,0.25,1.7,3,0.568,0.559,0.6,0.8,0.81,2.1,2.9,5,0.2,0.2,0.4,0.6,1.2,4.1
173,Wenyen Gabriel\gabriwe01,PF,24,TOT,7,0,6.7,0.7,1.9,0.385,0.3,0.7,0.4,0.4,1.1,0.375,0.462,0.3,0.6,0.5,0.7,1.4,2.1,0.3,0.1,0.3,0.4,1.6,2
173,Wenyen Gabriel\gabriwe01,PF,24,BRK,1,0,1,0,0,,0,0,,0,0,,,0,0,,0,1,1,0,0,0,0,0,0
173,Wenyen Gabriel\gabriwe01,PF,24,LAC,6,0,7.7,0.8,2.2,0.385,0.3,0.8,0.4,0.5,1.3,0.375,0.462,0.3,0.7,0.5,0.8,1.5,2.3,0.3,0.2,0.3,0.5,1.8,2.3
174,Daniel Gafford\gaffoda01,C,23,WAS,40,40,22.5,4.1,5.9,0.686,0,0,,4.1,5.9,0.686,0.686,1.4,1.8,0.74,2.3,4.3,6.6,1.1,0.4,1.7,1,2.5,9.5
175,Danilo Gallinari\gallida01,PF,33,ATL,33,1,22.8,3.2,7.9,0.412,1.6,4.1,0.4,1.6,3.8,0.424,0.515,2,2.2,0.931,0.5,3.7,4.2,1.4,0.5,0.2,0.6,1.4,10.2
176,Langston Galloway\gallola01,SG,30,TOT,7,0,15.3,0.9,3.7,0.231,0.3,2.3,0.125,0.6,1.4,0.4,0.269,0,0,,0.4,2.1,2.6,1.7,0.1,0,0.9,1,2
176,Langston Galloway\gallola01,SG,30,BRK,4,0,14.5,1.3,3.3,0.385,0.5,2,0.25,0.8,1.3,0.6,0.462,0,0,,0.3,1.8,2,1.3,0,0,1.3,1.3,3
176,Langston Galloway\gallola01,SG,30,MIL,3,0,16.3,0.3,4.3,0.077,0,2.7,0,0.3,1.7,0.2,0.077,0,0,,0.7,2.7,3.3,2.3,0.3,0,0.3,0.7,0.7
177,Darius Garland\garlada01,PG,22,CLE,38,38,34.5,7.4,15.8,0.467,2.6,7,0.37,4.8,8.8,0.543,0.548,2.4,2.6,0.918,0.5,2.8,3.3,7.8,1.3,0.1,3.5,1.7,19.7
178,Marcus Garrett\garrema01,SG,23,MIA,12,0,10.7,0.4,1.8,0.238,0.1,0.3,0.25,0.3,1.4,0.235,0.262,0.2,0.4,0.4,0.8,1.2,1.9,0.6,0.4,0.3,0.2,1.3,1.1
179,Usman Garuba\garubus01,PF,19,HOU,15,0,7,0.5,1.6,0.333,0.1,0.9,0.154,0.4,0.7,0.545,0.375,0.1,0.1,0.5,0.6,1.7,2.3,0.5,0.5,0.4,0.2,0.6,1.3
180,Luka Garza\garzalu01,C,23,DET,26,5,12.3,1.9,4.4,0.43,0.5,1.5,0.308,1.4,2.9,0.493,0.482,1,1.6,0.643,1.8,1.3,3.1,0.6,0.3,0.2,0.6,1.7,5.3
181,Rudy Gay\gayru01,PF,35,UTA,25,0,19.9,3.2,7.4,0.429,1.6,4.2,0.377,1.6,3.1,0.5,0.538,1.3,1.6,0.805,1,3.7,4.6,1.1,0.5,0.3,0.8,1.9,9.2
182,Paul George\georgpa01,SF,31,LAC,26,26,35.5,9,21.4,0.421,2.7,8.3,0.323,6.3,13,0.484,0.484,4,4.5,0.88,0.4,6.7,7.1,5.5,2,0.4,4.2,2.5,24.7
183,Taj Gibson\gibsota01,C,36,NYK,26,3,19,1.5,3,0.506,0.2,0.6,0.267,1.3,2.4,0.565,0.532,0.7,0.9,0.739,1.6,2.9,4.5,0.8,0.5,0.8,0.7,2.5,3.8
184,Josh Giddey\giddejo01,SG,19,OKC,37,37,30.6,4.8,11.6,0.408,1.1,3.9,0.283,3.6,7.7,0.472,0.456,0.9,1.3,0.681,1.5,5.8,7.4,6.3,1,0.5,2.9,1.7,11.5
185,Shai Gilgeous-Alexander\gilgesh01,PG,23,OKC,37,37,34.9,7.6,18.3,0.419,1.6,5.8,0.279,6,12.5,0.484,0.463,5.5,6.7,0.826,0.6,4.1,4.7,5.4,1,0.8,2.5,2.3,22.4
186,Anthony Gill\gillan01,PF,29,WAS,16,0,6.8,1.1,1.7,0.667,0.3,0.4,0.714,0.8,1.3,0.65,0.759,0.6,0.8,0.833,0.5,1.1,1.6,0.5,0.1,0.1,0.3,1.1,3.2
187,Freddie Gillespie\gillefr01,PF,24,ORL,9,2,13.2,1,2.4,0.409,0,0.1,0,1,2.3,0.429,0.409,0.3,0.8,0.429,1.4,2.6,4,0.6,0.3,1,0.6,2,2.3
188,Rudy Gobert\goberru01,C,29,UTA,37,37,32.1,5.5,7.7,0.706,0,0,0,5.5,7.7,0.709,0.706,4.6,6.7,0.683,3.5,11.5,15.1,1.1,0.8,2.3,1.8,2.7,15.5
189,Brandon Goodwin\goodwbr01,PG,26,CLE,6,0,17.3,2.5,6.3,0.395,0.3,1.7,0.2,2.2,4.7,0.464,0.421,0.3,1.3,0.25,0.7,2.2,2.8,4,0.8,0,0.8,1.7,5.7
190,Jordan Goodwin\goodwjo01,SG,23,WAS,2,0,3,0,1.5,0,0,0.5,0,0,1,0,0,0,0,,0,0.5,0.5,0,0,0,0,0.5,0
191,Aaron Gordon\gordoaa01,PF,26,DEN,38,38,31.5,5.4,10.3,0.524,1,3.1,0.319,4.4,7.2,0.611,0.572,2.2,3,0.726,1.7,4,5.6,2.2,0.6,0.6,1.7,2,13.9
192,Eric Gordon\gordoer01,SG,33,HOU,37,26,29.2,5.2,10.3,0.504,2.4,5.3,0.456,2.8,5,0.554,0.621,2.1,2.8,0.733,0.2,1.5,1.8,3.3,0.6,0.4,2.2,1.1,14.9
193,Devonte' Graham\grahade01,PG,26,NOP,40,40,31.3,4.6,12.4,0.37,3,8.5,0.355,1.6,3.9,0.401,0.491,1.7,2.1,0.817,0.5,2.1,2.6,4.6,1,0.2,1.6,1.5,13.8
194,Jerami Grant\grantje01,PF,27,DET,24,24,33.2,6.6,15.9,0.414,1.8,5.3,0.331,4.8,10.6,0.455,0.469,5.2,6.1,0.849,1,3.9,4.8,2.6,1.1,1.1,2.1,2.3,20.1
195,Hassani Gravett\graveha01,PG,25,ORL,8,3,21.4,2.3,4.8,0.474,1.4,3.3,0.423,0.9,1.5,0.583,0.618,0.4,0.5,0.75,0.1,2.5,2.6,2.5,0.6,0.1,1.1,1.6,6.3
196,Danny Green\greenda02,SF,34,PHI,29,21,23.7,2.3,5.6,0.407,1.8,4.8,0.381,0.4,0.8,0.565,0.571,0.3,0.3,0.9,0.6,2,2.6,1.1,1.3,0.9,0.9,1.8,6.7
197,Draymond Green\greendr01,PF,31,GSW,34,34,29.9,3.2,5.9,0.537,0.4,1.2,0.286,2.8,4.7,0.604,0.567,1.2,2,0.597,1.1,6.4,7.6,7.4,1.4,1.2,3.1,2.8,7.9
198,Jalen Green\greenja05,SG,19,HOU,29,29,30.3,5,12.9,0.391,2,6.4,0.306,3.1,6.4,0.476,0.468,3,3.7,0.821,0.3,2.8,3.2,2.2,0.6,0.2,2.4,1.4,15
199,JaMychal Green\greenja01,PF,31,DEN,35,7,14.9,2.1,4.8,0.437,0.5,2.2,0.25,1.5,2.6,0.593,0.494,1,1.2,0.857,0.9,2.8,3.7,0.8,0.7,0.5,0.9,2.2,5.7
200,Javonte Green\greenja02,SF,28,CHI,29,18,22.2,2.1,4.3,0.496,0.4,1.1,0.364,1.7,3.2,0.543,0.544,1.1,1.4,0.8,1.5,2.7,4.2,1,0.8,0.4,0.6,2.1,5.8
201,Jeff Green\greenje02,C,35,DEN,38,26,24.9,3.9,7.6,0.519,0.8,2.5,0.34,3.1,5.1,0.605,0.574,2,2.5,0.802,0.5,2.6,3.1,1.3,0.3,0.5,1.1,2.3,10.8
202,Josh Green\greenjo02,SG,21,DAL,28,0,12.1,1.6,3,0.554,0.2,0.7,0.316,1.4,2.3,0.625,0.59,0.5,0.7,0.737,0.6,1.4,2,1,0.5,0.2,0.5,1.5,4
203,Blake Griffin\griffbl01,PF,32,BRK,33,20,18.8,2.1,5.8,0.368,0.5,2.7,0.205,1.6,3.1,0.51,0.416,1.2,1.6,0.717,1.1,3.4,4.5,2.1,0.5,0.3,0.5,2,5.9
204,Quentin Grimes\grimequ01,SG,21,NYK,25,2,13.8,1.7,4.2,0.406,1.4,3.5,0.398,0.3,0.7,0.444,0.571,0.2,0.3,0.625,0.2,1.2,1.4,0.9,0.5,0.2,0.6,1.3,5
205,Kyle Guy\guyky01,SG,24,MIA,6,0,17.2,3,5.8,0.514,1.5,3.3,0.45,1.5,2.5,0.6,0.643,0.7,0.8,0.8,0.2,1.2,1.3,2.3,0.7,0.2,0.8,1.5,8.2
206,Rui Hachimura\hachiru01,PF,23,WAS,4,0,14,1.8,5.5,0.318,0.3,1.5,0.167,1.5,4,0.375,0.341,1.5,2.3,0.667,0.3,1.8,2,0.8,0,0,0.8,0.8,5.3
207,Tyrese Haliburton\halibty01,SG,21,SAC,43,43,34,5.2,11,0.467,2,4.8,0.429,3.1,6.3,0.496,0.56,1.4,1.7,0.819,0.7,3.1,3.9,7.1,1.7,0.7,2.2,1.4,13.7
208,Tyler Hall\hallty01,SG,24,NYK,1,0,2,0,0,,0,0,,0,0,,,0,0,,0,0,0,0,0,0,0,0,0
209,R.J. Hampton\hamptrj01,SG,20,ORL,40,1,19.6,2.6,6.7,0.388,1,2.6,0.362,1.7,4.1,0.405,0.459,1.1,1.8,0.603,0.4,2.6,3,2.5,0.7,0.2,1.4,1.6,7.3
210,Tim Hardaway Jr.\hardati02,SG,29,DAL,37,20,30.3,5.1,13.1,0.391,2.5,7.5,0.329,2.6,5.6,0.476,0.486,1.9,2.5,0.755,0.4,3.4,3.8,2.4,1,0.2,0.7,1.8,14.6
211,James Harden\hardeja01,PG,32,BRK,37,37,36.8,6.6,15.7,0.419,2.4,7.2,0.338,4.2,8.5,0.487,0.497,7.1,8.1,0.877,0.9,7.1,8,10,1.4,0.8,4.7,2.4,22.7
212,Maurice Harkless\harklma01,SF,28,SAC,29,14,18.3,1.6,3.5,0.441,0.6,2,0.271,1,1.5,0.674,0.52,0.3,0.4,0.692,0.2,2.1,2.3,0.5,0.4,0.6,0.6,1.6,4
213,Jared Harper\harpeja01,PG,24,NOP,2,0,5,1.5,3.5,0.429,0.5,1,0.5,1,2.5,0.4,0.5,0,0,,0.5,0,0.5,1.5,0,0.5,0.5,1,3.5
214,Montrezl Harrell\harremo01,C,28,WAS,36,3,25.2,5.5,8.5,0.652,0.1,0.3,0.273,5.4,8.2,0.667,0.657,3.4,4.6,0.729,2.2,5.1,7.3,2.2,0.5,0.6,1.1,1.9,14.5
215,Gary Harris\harriga01,SG,27,ORL,37,27,29.5,4.3,9.7,0.446,1.8,4.8,0.363,2.6,4.9,0.528,0.536,1.4,1.6,0.847,0.7,1.5,2.2,1.8,0.9,0.2,1.2,2,11.8
216,Joe Harris\harrijo01,SF,30,BRK,14,14,30.2,4,8.9,0.452,2.9,6.3,0.466,1.1,2.6,0.417,0.617,0.4,0.4,0.833,0.4,3.6,4,1,0.5,0.1,1.1,2.2,11.3
217,Tobias Harris\harrito02,PF,29,PHI,33,33,35.1,7,15.2,0.461,1.2,3.8,0.31,5.8,11.4,0.512,0.5,3.2,3.8,0.856,1.2,6.4,7.6,3.8,0.5,0.6,1.8,2,18.4
218,Shaquille Harrison\harrish01,SG,28,BRK,2,0,11.5,1,3,0.333,0,1,0,1,2,0.5,0.333,0,0,,0.5,1.5,2,1.5,0.5,0.5,1,1.5,2
219,Josh Hart\hartjo01,PF,26,NOP,34,33,33,4.8,9.3,0.513,1,3,0.34,3.7,6.3,0.596,0.568,2.6,3.4,0.759,1.4,6.1,7.5,4.3,1,0.3,2,2.9,13.1
220,Isaiah Hartenstein\harteis01,C,23,LAC,30,0,16.1,3.2,4.8,0.669,0.1,0.1,0.667,3.2,4.7,0.669,0.676,1.1,1.6,0.653,1.8,2.8,4.5,1.8,0.8,1.2,1,2.5,7.6
221,Udonis Haslem\hasleud01,C,41,MIA,8,0,6.5,1.3,2.5,0.5,0.1,0.3,0.5,1.1,2.3,0.5,0.525,0.4,0.4,1,0.5,1.6,2.1,0.3,0.1,0.1,0.3,1.4,3
222,Sam Hauser\hausesa01,SF,24,BOS,7,0,4.4,0.4,1.6,0.273,0.4,1.6,0.273,0,0,,0.409,0,0,,0.1,0.4,0.6,0.1,0.1,0.1,0,0.1,1.3
223,Jaxson Hayes\hayesja02,C,21,NOP,31,0,13.9,2.5,4.3,0.579,0.2,0.5,0.333,2.3,3.8,0.61,0.598,1.9,2.5,0.763,1.4,2.1,3.5,0.4,0.3,0.7,0.6,1.9,7
224,Killian Hayes\hayeski01,PG,20,DET,31,31,26,2.3,6.7,0.343,0.8,2.8,0.295,1.5,3.8,0.378,0.406,0.8,1,0.839,0.5,2.6,3.1,3.7,1.3,0.4,1.6,2.5,6.3
225,Gordon Hayward\haywago01,SF,31,CHO,42,42,33.4,6.3,13.3,0.472,1.8,4.6,0.392,4.5,8.6,0.515,0.54,3,3.5,0.855,0.8,4,4.8,3.7,0.9,0.5,1.7,1.7,17.3
226,Aaron Henry\henryaa01,SF,22,PHI,6,0,2.8,0.2,0.8,0.2,0,0.2,0,0.2,0.7,0.25,0.2,0,0,,0,0.2,0.2,0,0,0.3,0.3,0.3,0.3
227,Juancho Hernangómez\hernaju01,PF,26,BOS,18,0,5.3,0.3,1.5,0.185,0.2,1,0.167,0.1,0.5,0.222,0.241,0.3,0.5,0.667,0.5,0.9,1.4,0.2,0.2,0.1,0.3,0.4,1.1
228,Willy Hernangómez\hernawi01,C,27,NOP,23,3,14.9,3,5.4,0.56,0.1,0.1,0.667,3,5.3,0.557,0.568,1.6,2.2,0.706,2.4,4.3,6.7,1.2,0.3,0.2,0.9,1.7,7.7
229,Tyler Herro\herroty01,SG,22,MIA,37,10,32.9,7.6,17.8,0.428,2.7,6.9,0.388,4.9,10.9,0.453,0.503,2.7,3.1,0.87,0.7,4.2,4.9,4.1,0.6,0.2,2.8,1.5,20.6
230,Buddy Hield\hieldbu01,SG,29,SAC,45,6,29.3,5.1,13,0.392,3.6,9.3,0.381,1.6,3.7,0.419,0.528,1.6,1.8,0.867,0.7,3.2,3.9,2,0.9,0.3,1.5,2,15.4
231,Haywood Highsmith\highsha01,SF,25,MIA,4,0,10.5,1,2,0.5,1,1.8,0.571,0,0.3,0,0.75,0,0,,0.5,0.8,1.3,0,0,0.3,0,0.8,3
232,George Hill\hillge01,SG,35,MIL,35,12,25.4,2.5,5.8,0.431,0.9,2.8,0.306,1.7,3,0.547,0.505,1,1.1,0.947,0.8,2.3,3.1,2.5,0.8,0.1,0.9,1.5,6.9
233,Malcolm Hill\hillma01,SG-SF,26,TOT,4,0,16,1.5,3.3,0.462,1,2,0.5,0.5,1.3,0.4,0.615,1.5,1.8,0.857,0.5,1.3,1.8,0.5,1,0.3,0,2.3,5.5
233,Malcolm Hill\hillma01,SG,26,ATL,3,0,15.3,1.7,2.7,0.625,1,1.7,0.6,0.7,1,0.667,0.813,1.3,1.3,1,0.7,1.3,2,0.3,1.3,0.3,0,2.3,5.7
233,Malcolm Hill\hillma01,SF,26,CHI,1,0,18,1,5,0.2,1,3,0.333,0,2,0,0.3,2,3,0.667,0,1,1,1,0,0,0,2,5
234,Solomon Hill\hillso01,PF,30,ATL,13,1,10.7,0.2,1.5,0.15,0.2,1,0.154,0.1,0.5,0.143,0.2,0,0,,0.5,1.3,1.8,0.9,0.3,0.2,0.1,1.2,0.6
235,Nate Hinton\hintona01,SG,22,IND,2,0,1,0,0.5,0,0,0,,0,0.5,0,0,0,0,,0,0,0,0,0,0,0.5,0,0
236,Jaylen Hoard\hoardja01,SF,22,OKC,1,0,2,0,1,0,0,0,,0,1,0,0,0,0,,1,1,2,0,0,0,0,0,0
237,Aaron Holiday\holidaa01,PG,25,WAS,34,10,16.6,2.6,5.4,0.475,0.6,1.6,0.382,1.9,3.8,0.516,0.533,0.6,0.8,0.808,0.2,1.5,1.7,1.9,0.6,0.2,0.9,1.6,6.4
238,Jrue Holiday\holidjr01,PG,31,MIL,33,32,33.2,7.4,14.9,0.499,1.8,4.8,0.382,5.6,10.1,0.554,0.56,1.7,2.4,0.709,0.9,3.7,4.6,6.7,1.6,0.6,2.8,1.8,18.4
239,Justin Holiday\holidju01,SF,32,IND,37,28,28.6,3.7,9.2,0.401,2.5,7,0.362,1.2,2.2,0.524,0.538,0.7,0.8,0.839,0.3,2.6,2.8,1.6,0.6,0.4,1,2.1,10.6
240,Richaun Holmes\holmeri01,C,28,SAC,27,27,26.1,5.3,7.7,0.692,0.1,0.1,0.5,5.3,7.6,0.696,0.697,1.9,2.3,0.806,2.5,6.2,8.7,1.3,0.3,1,1.4,3.1,12.6
241,Rodney Hood\hoodro01,SF,29,MIL,34,0,15.8,1.2,3.5,0.356,0.7,2.2,0.32,0.5,1.3,0.419,0.458,0.4,0.4,0.929,0.3,1.5,1.9,0.8,0.3,0.1,0.2,0.8,3.6
242,Scotty Hopson\hopsosc01,SG,32,OKC,1,0,18,2,4,0.5,0,1,0,2,3,0.667,0.5,0,0,,0,1,1,1,0,0,2,1,4
243,Al Horford\horfoal01,C,35,BOS,35,35,29.1,4,9.1,0.439,1.2,4.2,0.281,2.8,4.9,0.572,0.503,1.6,1.8,0.859,1.6,5.8,7.4,3.6,0.7,1.4,1.1,2.1,10.7
244,Talen Horton-Tucker\hortota01,SG,21,LAL,27,15,27.4,4,10,0.405,0.8,3.2,0.241,3.3,6.7,0.484,0.444,1.7,2.1,0.81,0.7,3.1,3.9,2.6,1,0.4,1.6,2.8,10.6
245,Danuel House Jr.\houseda01,SF,28,TOT,20,1,14.5,1.5,4.4,0.345,0.7,2.2,0.318,0.8,2.2,0.372,0.425,1,1.1,0.905,0.3,2.2,2.5,1.2,0.3,0.3,1,1.1,4.7
245,Danuel House Jr.\houseda01,SF,28,HOU,16,1,14.6,1.6,4.6,0.338,0.6,2.1,0.294,0.9,2.5,0.375,0.405,1.1,1.2,0.895,0.3,2.4,2.7,1.2,0.3,0.3,1.1,1,4.8
245,Danuel House Jr.\houseda01,SF,28,NYK,1,0,3,0,1,0,0,1,0,0,0,,0,0,0,,0,0,0,0,0,0,0,0,0
245,Danuel House Jr.\houseda01,SF,28,UTA,3,0,18,1.7,4,0.417,1.3,3,0.444,0.3,1,0.333,0.583,0.7,0.7,1,0.7,1.7,2.3,1.7,0.3,0.3,0.3,2,5.3
246,Dwight Howard\howardw01,C,36,LAL,33,7,14.9,2,3.2,0.629,0.2,0.3,0.667,1.8,2.9,0.625,0.657,1.2,2,0.606,1.8,3.6,5.4,0.6,0.7,0.6,0.8,1.9,5.4
247,Markus Howard\howarma02,SG,22,DEN,17,0,6.9,1.4,3.8,0.359,1.1,2.8,0.396,0.2,0.9,0.25,0.508,0.4,0.5,0.875,0,0.3,0.3,0.3,0.4,0,0.4,0.6,4.2
248,Kevin Huerter\huertke01,SG,23,ATL,35,21,28.5,4.4,9.7,0.456,1.7,4.8,0.349,2.7,4.9,0.561,0.543,0.7,0.9,0.8,0.4,3.1,3.5,2.8,0.5,0.3,1.3,2,11.2
249,Jay Huff\huffja01,C,23,LAL,4,0,5,0,0.8,0,0,0.5,0,0,0.3,0,0,0,0,,0.3,0.8,1,0.3,0.3,0.3,0.3,0.3,0
250,Elijah Hughes\hugheel01,SF,23,UTA,10,1,6.2,1,1.9,0.526,0.7,1.4,0.5,0.3,0.5,0.6,0.711,0.3,0.3,1,0,0.9,0.9,0.4,0.2,0,0.4,0.4,3
251,De'Andre Hunter\huntede01,SF,24,ATL,14,13,27.9,4.6,10.1,0.454,1.6,3.7,0.423,3,6.4,0.472,0.532,0.9,1.4,0.6,0.3,2.1,2.4,0.8,0.6,0.6,1.1,2.4,11.6
252,Chandler Hutchison\hutchch01,SF,25,PHO,6,0,3.7,0.2,0.3,0.5,0,0,,0.2,0.3,0.5,0.5,0.3,0.3,1,0,0.8,0.8,0.3,0,0,0.7,0.2,0.7
253,Bones Hyland\hylanbo01,PG,21,DEN,31,0,17.3,3,8,0.369,1.7,5,0.344,1.3,3.1,0.411,0.476,1.1,1.2,0.892,0.2,2.3,2.5,1.6,0.5,0.2,1,2.1,8.7
254,Serge Ibaka\ibakase01,C,32,LAC,25,7,16.2,2.6,5.6,0.464,0.8,2,0.408,1.8,3.6,0.495,0.536,0.6,0.8,0.667,1.2,3.1,4.4,1.1,0.2,0.7,1.1,1.8,6.6
255,Andre Iguodala\iguodan01,SF,38,GSW,23,0,20,1.7,4.1,0.4,0.6,2.4,0.232,1.1,1.7,0.641,0.468,0.5,0.6,0.786,0.7,2.7,3.3,4,0.9,0.7,0.8,1,4.3
256,Joe Ingles\inglejo01,SF,34,UTA,37,9,24.9,2.6,6.3,0.422,1.8,4.9,0.368,0.8,1.4,0.62,0.567,0.4,0.5,0.778,0.3,2.6,2.9,3.5,0.5,0.1,1.2,1.8,7.5
257,Brandon Ingram\ingrabr01,SF,24,NOP,34,34,34.6,8.4,18.7,0.447,1.7,4.8,0.35,6.7,13.9,0.481,0.492,4.5,5.5,0.818,0.8,5.2,6,5.2,0.6,0.4,2.7,2,22.9
258,Kyrie Irving\irvinky01,PG,29,BRK,3,3,32,7.3,16,0.458,1.3,4.3,0.308,6,11.7,0.514,0.5,1.7,1.7,1,0.3,4.7,5,3.7,1.3,0.7,2.3,1.7,17.7
259,Wes Iwundu\iwundwe01,SF,27,ATL,3,1,27.3,2.7,6,0.444,1,1.7,0.6,1.7,4.3,0.385,0.528,1,1.3,0.75,1,3.3,4.3,0,0.3,0,0.3,2.7,7.3
260,Frank Jackson\jacksfr01,PG,23,DET,33,5,22.7,3.7,9.2,0.403,1.9,5.6,0.333,1.8,3.6,0.513,0.505,1.3,1.6,0.83,0.3,1.2,1.5,0.9,0.5,0.2,0.8,1.6,10.7
261,Isaiah Jackson\jacksis01,PF,20,IND,11,0,5,0.7,1.6,0.444,0,0,,0.7,1.6,0.444,0.444,0.4,0.7,0.5,0.5,1.1,1.6,0,0.2,0.4,0.1,0.8,1.8
262,Jaren Jackson Jr.\jacksja02,PF,22,MEM,44,44,27.5,5.5,13.4,0.409,1.8,5.7,0.309,3.7,7.7,0.482,0.475,3.5,4.2,0.827,1.3,4.4,5.7,1.1,1.1,2.1,1.7,3.4,16.2
263,Josh Jackson\jacksjo02,SF,24,DET,32,3,18.8,3,7.2,0.42,0.9,3.3,0.279,2.1,4,0.535,0.483,1,1.4,0.711,0.5,2.8,3.3,1.4,0.5,0.3,1,1.8,8
264,Justin Jackson\jacksju01,SF,26,TOT,4,0,6.3,1.3,2,0.625,0.8,1.3,0.6,0.5,0.8,0.667,0.813,0.5,0.5,1,0.3,1.3,1.5,0,0,0,0.3,0.5,3.8
264,Justin Jackson\jacksju01,SF,26,BOS,1,0,2,0,1,0,0,0,,0,1,0,0,2,2,1,0,0,0,0,0,0,0,0,2
264,Justin Jackson\jacksju01,SF,26,PHO,3,0,7.7,1.7,2.3,0.714,1,1.7,0.6,0.7,0.7,1,0.929,0,0,,0.3,1.7,2,0,0,0,0.3,0.7,4.3
265,Reggie Jackson\jacksre01,SG,31,LAC,40,40,31.5,6.1,16.1,0.379,2.5,7.6,0.326,3.6,8.5,0.426,0.456,1.5,1.8,0.833,0.5,2.9,3.4,3.9,0.8,0.1,2.1,1.9,16.1
266,LeBron James\jamesle01,SF,37,LAL,31,31,36.7,10.8,20.8,0.519,2.9,7.9,0.362,7.9,12.9,0.617,0.588,4.5,5.8,0.767,1.1,6.4,7.5,6.5,1.6,1.2,3.2,2.3,28.9
267,DeJon Jarreau\jarrede01,SG,24,IND,1,0,1,0,0,,0,0,,0,0,,,0,0,,0,0,0,0,0,0,0,0,0
268,DaQuan Jeffries\jeffrda01,SG,24,MEM,3,0,3,0.3,0.7,0.5,0,0.3,0,0.3,0.3,1,0.5,0,0,,0,0.7,0.7,0.3,0,0,0,0.3,0.7
269,Ty Jerome\jeromty01,SG,24,OKC,33,3,15.2,2.6,6.5,0.404,1,3.3,0.291,1.6,3.1,0.524,0.479,0.9,1.1,0.806,0.4,1.1,1.5,1.7,0.6,0.1,0.7,1.3,7.1
270,Isaiah Joe\joeis01,SG,22,PHI,27,0,11.4,1.2,3.5,0.337,0.9,2.6,0.324,0.3,0.9,0.375,0.458,0.5,0.6,0.933,0.1,1.1,1.3,0.8,0.2,0.1,0.3,0.7,3.7
271,Alize Johnson\johnsal02,PF,25,TOT,19,0,7.3,0.7,1.5,0.483,0,0.2,0,0.7,1.3,0.56,0.483,0.2,0.4,0.5,1.1,1.4,2.5,0.4,0.2,0,0.6,0.8,1.7
271,Alize Johnson\johnsal02,PF,25,CHI,16,0,7.6,0.8,1.4,0.522,0,0.1,0,0.8,1.3,0.571,0.522,0.3,0.4,0.571,1,1.3,2.3,0.5,0.2,0,0.5,0.9,1.8
271,Alize Johnson\johnsal02,PF,25,WAS,3,0,6,0.7,2,0.333,0,0.7,0,0.7,1.3,0.5,0.333,0,0.3,0,1.7,2.3,4,0,0,0,1,0,1.3
272,B.J. Johnson\johnsbj01,SF,26,ORL,4,0,16.3,2.8,6.3,0.44,1,2.5,0.4,1.8,3.8,0.467,0.52,0,0,,1.5,2.3,3.8,0,0,0.3,0,1,6.5
273,Cameron Johnson\johnsca02,PF,25,PHO,39,6,25.6,4.1,8.9,0.458,2.5,5.8,0.438,1.6,3.2,0.496,0.6,1.2,1.5,0.825,0.6,3.6,4.3,1.3,0.8,0.3,0.7,1.6,11.9
274,David Johnson\johnsda08,SG,20,TOR,2,0,1,0,0.5,0,0,0.5,0,0,0,,0,0,0,,0,0,0,0,0,0,0,0,0
275,Jalen Johnson\johnsja05,PF,20,ATL,11,0,4.7,0.7,1.5,0.471,0.2,0.5,0.333,0.5,1,0.545,0.529,0.4,0.5,0.667,0,1.2,1.2,0.1,0,0,0.2,0.3,2
276,James Johnson\johnsja01,PF,34,BRK,29,2,17.2,2,4.2,0.488,0.2,1,0.25,1.8,3.2,0.559,0.517,0.2,0.6,0.353,0.9,2.6,3.4,1.7,0.4,0.4,0.6,1.9,4.5
277,Joe Johnson\johnsjo02,SG,40,BOS,1,0,2,1,1,1,0,0,,1,1,1,1,0,0,,0,0,0,0,0,0,0,0,2
278,Keldon Johnson\johnske04,SF,22,SAS,39,38,30.7,5.6,12.2,0.457,1.7,3.7,0.445,3.9,8.5,0.462,0.525,2.1,2.9,0.708,1.1,5.3,6.4,1.7,0.8,0.1,1.4,1.8,14.9
279,Keon Johnson\johnske07,SG,19,LAC,15,0,9,1.1,3.4,0.333,0.2,0.7,0.273,0.9,2.7,0.35,0.363,1.1,1.4,0.762,0.4,1,1.4,0.9,0.5,0.1,0.5,1.4,3.5
280,Stanley Johnson\johnsst04,PF,25,LAL,9,5,20.3,1.9,4.1,0.459,0.7,2.4,0.273,1.2,1.7,0.733,0.541,1,1.1,0.9,0.3,2,2.3,1.1,0.9,0.3,0.4,3.4,5.4
281,Tyler Johnson\johnsty01,PG,29,TOT,6,0,15.2,1,3.3,0.3,0.8,2.2,0.385,0.2,1.2,0.143,0.425,0,0,,0.5,1.5,2,1.2,0.5,0.5,0.3,1.2,2.8
281,Tyler Johnson\johnsty01,PG,29,PHI,3,0,12.7,1.3,3.3,0.4,1,2.3,0.429,0.3,1,0.333,0.55,0,0,,0.3,1.7,2,0.7,0.3,0.3,0.3,1.3,3.7
281,Tyler Johnson\johnsty01,PG,29,SAS,3,0,17.7,0.7,3.3,0.2,0.7,2,0.333,0,1.3,0,0.3,0,0,,0.7,1.3,2,1.7,0.7,0.7,0.3,1,2
282,Nikola Jokic\jokicni01,C,26,DEN,36,36,32.6,9.9,17.5,0.567,1.5,4.1,0.358,8.4,13.4,0.631,0.609,4,5.1,0.778,2.7,11.2,13.9,7.2,1.3,0.8,3.6,2.4,25.3
283,Carlik Jones\jonesca03,PG,24,TOT,5,0,4.6,0.2,1.8,0.111,0,0.2,0,0.2,1.6,0.125,0.111,0.4,0.4,1,0.2,0.4,0.6,1,0.2,0,0.6,0,0.8
283,Carlik Jones\jonesca03,PG,24,DAL,3,0,6.3,0,2.3,0,0,0.3,0,0,2,0,0,0.7,0.7,1,0.3,0.7,1,1.7,0.3,0,1,0,0.7
283,Carlik Jones\jonesca03,PG,24,DEN,2,0,2,0.5,1,0.5,0,0,,0.5,1,0.5,0.5,0,0,,0,0,0,0,0,0,0,0,1
284,Damian Jones\jonesda03,C,26,SAC,25,4,14.2,2.2,3.6,0.618,0.1,0.4,0.273,2.1,3.1,0.667,0.635,1.3,1.8,0.717,1.5,2.7,4.2,0.8,0.1,0.4,1,2,5.8
285,Derrick Jones Jr.\jonesde02,PF,24,CHI,31,8,17.2,2.3,3.9,0.582,0.5,1.2,0.405,1.8,2.7,0.659,0.643,1.3,1.5,0.848,1.2,2.2,3.4,0.5,0.5,0.7,0.5,2.3,6.3
286,Herbert Jones\joneshe01,C,23,NOP,40,31,28.8,3.5,7,0.493,0.6,1.6,0.397,2.8,5.4,0.521,0.538,1.4,1.7,0.824,1.2,2.5,3.8,1.9,1.4,1,1.1,3.1,8.9
287,Jemerrio Jones\jonesje01,SF,26,LAL,2,0,7.5,1,1.5,0.667,0,0,,1,1.5,0.667,0.667,0,0,,1,0.5,1.5,0,0.5,0,0,1,2
288,Kai Jones\joneska01,C,21,CHO,12,0,2.8,0.3,0.5,0.667,0,0.1,0,0.3,0.4,0.8,0.667,0.1,0.3,0.25,0.1,0.4,0.5,0.2,0,0,0.4,0.2,0.8
289,Mason Jones\jonesma05,SG,23,LAL,2,0,4.5,1,4,0.25,0,1,0,1,3,0.333,0.25,0.5,1,0.5,0.5,0.5,1,0,0.5,0,0.5,0.5,2.5
290,Tre Jones\jonestr01,PG,22,SAS,35,2,12.6,1.8,3.7,0.485,0.1,0.4,0.154,1.7,3.3,0.521,0.492,0.6,0.6,1,0.4,1.6,2,2.3,0.4,0,0.6,0.9,4.3
291,Tyus Jones\jonesty01,PG,25,MEM,44,13,21.1,3.2,6.8,0.47,1,2.5,0.384,2.2,4.3,0.521,0.542,0.8,0.8,0.917,0.3,2.5,2.8,4.1,0.9,0,0.8,0.4,8.1
292,DeAndre Jordan\jordade01,C,33,LAL,29,18,13,2,3,0.674,0,0,,2,3,0.674,0.674,0.3,0.6,0.588,1.6,4,5.5,0.4,0.3,0.9,0.7,1.7,4.3
293,Cory Joseph\josepco01,PG,30,DET,30,6,22.3,2.6,5.6,0.456,0.9,2.1,0.422,1.7,3.5,0.476,0.536,1.5,1.8,0.849,0.3,1.8,2.2,3.7,0.8,0.2,1.4,1.8,7.5
294,Georgios Kalaitzakis\kalaige01,SF,23,MIL,9,0,5.3,0.6,1.2,0.455,0.2,0.4,0.5,0.3,0.8,0.429,0.545,0.4,1,0.444,0.4,0.4,0.9,0,0.1,0.1,0.4,0.9,1.8
295,Frank Kaminsky\kaminfr01,C,28,PHO,9,0,20.1,4,7.3,0.545,0.6,1.7,0.333,3.4,5.7,0.608,0.583,2,2.2,0.9,1.2,3.3,4.6,1.4,0.9,0.8,0.6,1.6,10.6
296,Luke Kennard\kennalu01,SG,25,LAC,35,10,29,4.1,9.4,0.432,2.8,6.3,0.441,1.3,3.1,0.413,0.579,0.8,0.9,0.879,0.2,3.2,3.4,2.1,0.7,0.1,0.8,1.6,11.7
297,Braxton Key\keybr01,SF,24,PHI,2,0,3,0.5,1,0.5,0,0.5,0,0.5,0.5,1,0.5,0,0,,0.5,0.5,1,0.5,0.5,0,1,0.5,1
298,George King\kingge03,SF,28,DAL,4,0,4.8,0,1.3,0,0,1,0,0,0.3,0,0,0.3,0.5,0.5,0,1.3,1.3,0,0,0,0.3,1,0.3
299,Louis King\kinglo02,SF,22,SAC,5,0,11,1.8,5.2,0.346,1,3.2,0.313,0.8,2,0.4,0.442,1.2,1.4,0.857,0,1.6,1.6,0.2,0.4,0,0,1.6,5.8
300,Corey Kispert\kispeco01,SF,22,WAS,38,7,17.8,2.1,4.8,0.437,0.9,2.8,0.321,1.2,2,0.597,0.53,0.8,0.9,0.857,0.5,1.7,2.2,0.8,0.3,0.3,0.5,0.8,5.9
301,Maxi Kleber\klebima01,PF,30,DAL,28,11,25,2.5,6.1,0.412,1.7,4.6,0.375,0.8,1.5,0.524,0.553,0.7,0.9,0.731,1.1,4.9,5.9,1.1,0.4,0.9,0.7,2.3,7.4
302,Brandon Knight\knighbr03,PG,30,DAL,3,0,18,3,6.7,0.45,1.3,4.3,0.308,1.7,2.3,0.714,0.55,2.7,2.7,1,0,2.3,2.3,2.7,0.3,0,1.3,1.7,10
303,Nathan Knight\knighna01,PF,24,MIN,21,2,8.5,1.1,2.1,0.533,0.1,0.3,0.286,1,1.8,0.579,0.556,1.3,1.9,0.7,1,1.5,2.5,0.7,0.1,0.3,0.6,1.2,3.7
304,Kevin Knox\knoxke01,SF,22,NYK,13,0,8.5,1.2,3.1,0.375,0.8,2.2,0.357,0.4,0.9,0.417,0.5,0.5,0.8,0.7,0.6,1.1,1.7,0.2,0.2,0.1,0.4,0.4,3.6
305,John Konchar\konchjo01,SG,25,MEM,37,2,17,1.8,3.3,0.554,0.8,1.5,0.491,1.1,1.7,0.609,0.669,0.4,0.6,0.565,1.2,3,4.2,1.4,0.7,0.2,0.4,1.3,4.7
306,Furkan Korkmaz\korkmfu01,SG,24,PHI,38,12,23.3,3.3,8.4,0.391,1.4,4.8,0.297,1.9,3.6,0.514,0.475,1.1,1.3,0.843,0.3,2.7,3.1,2.2,0.6,0.1,0.8,0.9,9.1
307,Luke Kornet\kornelu01,C,26,TOT,3,0,6,0.3,2,0.167,0,0.3,0,0.3,1.7,0.2,0.167,0.7,1,0.667,1,0.3,1.3,0.3,0,0.3,0,0.7,1.3
307,Luke Kornet\kornelu01,C,26,CLE,2,0,7.5,0.5,2.5,0.2,0,0.5,0,0.5,2,0.25,0.2,1,1.5,0.667,1,0.5,1.5,0.5,0,0.5,0,0.5,2
307,Luke Kornet\kornelu01,C,26,MIL,1,0,3,0,1,0,0,0,,0,1,0,0,0,0,,1,0,1,0,0,0,0,1,0
308,Vit Krejci\krejcvi01,SG,21,OKC,3,0,3,0,0.7,0,0,0.7,0,0,0,,0,0.7,0.7,1,0,1,1,0,0,0,0.3,0,0.7
309,Arnoldas Kulboka\kulboar01,SF,24,CHO,1,0,3,0,0,,0,0,,0,0,,,0,0,,0,0,0,0,0,0,0,0,0
310,Jonathan Kuminga\kuminjo01,SF,19,GSW,30,2,10.5,2.2,4.5,0.485,0.4,1.4,0.293,1.8,3.2,0.568,0.529,1.1,1.8,0.618,0.5,1.4,1.9,0.4,0.4,0.2,0.6,1.4,5.9
311,Kyle Kuzma\kuzmaky01,PF,26,WAS,41,41,33.4,6,13.1,0.454,1.8,5.6,0.322,4.1,7.5,0.552,0.522,2,2.9,0.689,1,7.7,8.7,3,0.6,0.7,2.2,2,15.7
312,Anthony Lamb\lamban01,SF,24,SAS,2,0,4,0,1,0,0,1,0,0,0,,0,0,0,,0,0.5,0.5,1,0,0,0,0,0
313,Jeremy Lamb\lambje01,SF,29,IND,29,0,14.3,2.2,5.9,0.366,1,3,0.333,1.2,2.9,0.4,0.451,1.5,1.7,0.917,0.4,2,2.4,1.3,0.4,0.3,0.6,1.2,6.9
314,Jock Landale\landajo01,C,26,SAS,25,1,10.6,1.9,3.7,0.516,0.6,1.5,0.395,1.3,2.2,0.6,0.597,0.8,0.9,0.87,1.4,1.1,2.4,1,0.2,0.4,0.7,0.9,5.2
315,Romeo Langford\langfro01,SG,22,BOS,33,5,18.4,1.8,4.4,0.418,0.6,1.9,0.328,1.2,2.5,0.488,0.49,0.5,0.8,0.64,0.8,2.1,2.9,0.5,0.6,0.4,0.4,1.2,4.8
316,Zach LaVine\lavinza01,SF,26,CHI,38,38,34,9,18.4,0.491,2.9,7.2,0.412,6.1,11.2,0.542,0.572,3.9,4.5,0.872,0.3,4.4,4.8,4.2,0.6,0.3,2.8,1.6,24.9
317,Jake Layman\laymaja01,SF,27,MIN,18,1,8.6,0.9,2.6,0.37,0.2,1.3,0.167,0.7,1.2,0.591,0.413,0.3,0.4,0.75,0.2,1.1,1.3,0.3,0.3,0.2,0.4,0.4,2.4
318,Damion Lee\leeda03,SG,29,GSW,31,2,20.6,3,6.8,0.443,1.2,3.3,0.35,1.8,3.5,0.533,0.529,1.1,1.3,0.872,0.4,2.8,3.2,1,0.5,0.1,0.6,1.5,8.3
319,Saben Lee\leesa01,PG,22,DET,22,0,15.7,2,5.1,0.389,0.5,2,0.279,1.5,3.2,0.457,0.442,1.4,1.9,0.756,0.4,2.1,2.5,2.5,1,0.4,0.9,1,6
320,Alex Len\lenal01,C,28,SAC,29,9,17.6,2.7,5.1,0.534,0.2,0.7,0.316,2.5,4.4,0.566,0.554,1.1,1.7,0.66,1.6,3.3,4.9,1.2,0.3,0.8,1.3,2.9,6.8
321,Caris LeVert\leverca01,SG,27,IND,30,30,30.6,6.8,15.6,0.435,1.6,5,0.313,5.2,10.6,0.492,0.485,2.6,3.3,0.79,0.7,2.6,3.3,4.2,1,0.5,1.8,2.1,17.8
322,Kira Lewis Jr.\lewiski01,PG,20,NOP,24,0,14.2,2.5,6.1,0.404,0.5,2.4,0.224,1.9,3.7,0.523,0.449,0.4,0.5,0.833,0.4,1.3,1.6,2,0.5,0,1.1,0.7,5.9
323,Scottie Lewis\lewissc01,SG,21,CHO,2,0,3.5,0,0,,0,0,,0,0,,,0.5,1,0.5,0,0,0,0.5,0.5,0,0,0,0.5
324,Damian Lillard\lillada01,PG,31,POR,29,29,36.4,7.7,19,0.402,3.2,9.8,0.324,4.5,9.2,0.485,0.486,5.5,6.2,0.878,0.4,3.7,4.1,7.3,0.6,0.4,2.9,1.3,24
325,Nassir Little\littlna01,SF,21,POR,37,18,25.4,3.3,7.4,0.451,1.2,3.7,0.324,2.1,3.7,0.577,0.531,1.6,2.3,0.726,1.4,4.1,5.5,1.2,0.6,0.9,0.9,2.1,9.5
326,Isaiah Livers\liveris01,SF,23,DET,1,0,5,0,2,0,0,2,0,0,0,,0,0,0,,0,0,0,0,1,1,1,1,0
327,Kevon Looney\looneke01,C,25,GSW,42,42,19.9,2.5,4.7,0.54,0,0,0,2.5,4.7,0.543,0.54,1,1.6,0.618,2.5,4.2,6.8,1.6,0.5,0.8,0.8,2.7,6.1
328,Brook Lopez\lopezbr01,C,33,MIL,1,1,28,3,9,0.333,2,4,0.5,1,5,0.2,0.444,0,0,,2,3,5,0,1,3,0,3,8
329,Robin Lopez\lopezro01,C,33,ORL,20,8,18.6,4,6.7,0.597,0,0.2,0,4,6.6,0.611,0.597,0.9,1.4,0.607,2.3,1.6,3.9,2,0.1,0.6,1.3,1.9,8.9
330,Didi Louzada\louzama01,SF,22,NOP,2,0,3.5,0,1.5,0,0,1.5,0,0,0,,0,0,0,,1,0,1,0.5,0,0,0,0,0
331,Kevin Love\loveke01,PF,33,CLE,36,2,21.4,4.4,10.1,0.434,2.5,6.2,0.408,1.8,3.9,0.475,0.559,2.8,3.1,0.885,1.1,6.1,7.2,2,0.3,0.2,1.2,1,14
332,Kyle Lowry\lowryky01,PG,35,MIA,39,39,34.2,4.5,10.8,0.412,2.1,6.4,0.327,2.4,4.5,0.534,0.508,2.4,2.8,0.847,0.6,3.8,4.5,8.3,1,0.4,3.1,2.8,13.4
333,Timothé Luwawu-Cabarrot\luwawti01,SF,26,ATL,29,12,14.7,1.6,4,0.388,1,2.8,0.35,0.6,1.2,0.472,0.509,0.6,0.7,0.85,0.3,1.3,1.6,0.9,0.4,0.1,0.4,1.6,4.7
334,Trey Lyles\lylestr01,PF,26,DET,38,3,19.1,3.2,7.2,0.441,0.8,2.9,0.288,2.3,4.2,0.547,0.5,2.2,2.7,0.824,1.3,3.4,4.7,1.2,0.4,0.4,0.9,1.7,9.4
335,Théo Maledon\maledth01,PG,20,OKC,21,0,13.6,1,3.7,0.282,0.4,2.1,0.182,0.7,1.6,0.412,0.333,1.2,1.4,0.867,0.4,1.4,1.8,1,0.5,0.1,0.9,1,3.7
336,Sandro Mamukelashvili\mamuksa01,PF,22,MIL,23,2,11.6,1.4,3.3,0.427,0.6,1.5,0.371,0.8,1.7,0.475,0.513,0.4,0.5,0.75,1.1,1.1,2.3,0.6,0.3,0.3,0.4,0.7,3.7
337,Terance Mann\mannte01,SF,25,LAC,43,14,29.6,4,8.4,0.482,1,2.8,0.372,3,5.6,0.538,0.544,1.4,1.9,0.744,1.4,3.8,5.2,2.3,0.5,0.1,1.1,2.3,10.6
338,Tre Mann\manntr01,PG,20,OKC,29,2,17.5,2.8,7,0.397,1,2.9,0.357,1.8,4.1,0.425,0.471,0.6,0.8,0.667,0.4,2,2.4,0.8,0.6,0.2,0.7,1.6,7.2
339,Boban Marjanović\marjabo01,C,33,DAL,16,0,5.9,2.2,3.5,0.625,0.1,0.2,0.333,2.1,3.3,0.642,0.634,0.5,1,0.5,0.4,1.4,1.9,0.1,0,0.1,0.7,1.2,4.9
340,Lauri Markkanen\markkla01,PF,24,CLE,35,35,30.6,4.9,11.5,0.426,1.9,5.8,0.32,3,5.7,0.535,0.507,1.7,1.9,0.866,1.1,4.2,5.3,1.6,0.8,0.5,0.8,1.8,13.3
341,Naji Marshall\marshna01,SF,24,NOP,23,0,9.6,1,3,0.329,0.2,1.2,0.143,0.8,1.8,0.452,0.357,1.1,1.3,0.862,0.6,1.8,2.4,0.9,0.4,0.1,0.9,1,3.3
342,Caleb Martin\martica02,SF,26,MIA,33,9,22.8,3.6,7,0.511,1,2.7,0.371,2.6,4.3,0.599,0.582,1,1.5,0.688,1.3,2.6,3.9,0.9,1,0.6,0.8,1.6,9.2
343,Cody Martin\martico01,SF,26,CHO,38,5,26.6,3.1,6.3,0.483,1.1,2.2,0.476,2,4.1,0.487,0.567,1.3,1.7,0.738,1.3,2.9,4.2,2.7,1.5,0.5,0.9,1.7,8.4
344,Kelan Martin\martike03,SF,26,IND,27,1,16.4,2.6,6.2,0.417,0.8,2.7,0.297,1.8,3.5,0.511,0.482,0.3,0.5,0.692,0.6,1.4,2,0.8,0.5,0.3,0.5,1.3,6.3
345,Kenyon Martin Jr.\martike04,SF,21,HOU,41,0,18.9,3.2,6.2,0.512,0.6,1.9,0.316,2.6,4.3,0.596,0.559,1.1,1.7,0.647,1,2.8,3.8,1.3,0.4,0.5,0.7,1.3,8
346,Garrison Mathews\mathega01,SG,25,HOU,27,16,27.9,3.2,8,0.403,2.4,6.6,0.358,0.9,1.4,0.622,0.551,2,2.6,0.797,0.5,3.1,3.6,0.9,0.6,0.4,0.7,3,10.9
347,Dakota Mathias\mathida01,SG,26,MEM,5,0,2.6,0.4,1,0.4,0.4,1,0.4,0,0,,0.6,0,0,,0,0.4,0.4,0.2,0.2,0,0,0.2,1.2
348,Wesley Matthews\matthwe02,SG,35,MIL,17,6,21,2.5,5.4,0.473,1.6,3.9,0.403,0.9,1.4,0.667,0.621,0.2,0.4,0.5,0.6,1.6,2.2,0.8,0.5,0.3,0.4,1.5,6.8
349,Tyrese Maxey\maxeyty01,PG,21,PHI,35,34,34.9,6.3,13.5,0.467,1.4,3.5,0.398,4.9,9.9,0.491,0.519,2.7,3.1,0.87,0.4,3.1,3.5,4.4,0.7,0.6,1.2,2.2,16.7
350,Skylar Mays\mayssk01,SG,24,ATL,17,5,10.8,1.8,3.5,0.525,0.5,1.5,0.32,1.4,2,0.676,0.593,0.4,0.4,1,0.3,1.1,1.4,0.8,0.4,0,0.4,0.4,4.5
351,Miles McBride\mcbrimi01,PG,21,NYK,17,2,8.4,0.9,3.1,0.288,0.3,1.6,0.185,0.6,1.5,0.4,0.337,0.2,0.2,0.75,0.1,0.7,0.8,1.2,0.5,0.1,0.2,0.9,2.2
352,Mac McClung\mccluma01,PG,23,CHI,1,0,3,1,1,1,0,0,,1,1,1,1,0,0,,0,0,0,0,0,0,1,0,2
353,CJ McCollum\mccolcj01,SG,30,POR,24,24,35.3,8,18.8,0.424,3.2,8.2,0.393,4.8,10.6,0.447,0.509,1.5,2.1,0.7,1.1,3,4.1,4.5,1.1,0.7,1.9,2.1,20.6
354,T.J. McConnell\mccontj01,PG,29,IND,24,6,24.2,3.8,7.5,0.503,0.3,1,0.28,3.5,6.5,0.538,0.522,0.5,0.6,0.8,0.8,2.5,3.3,4.8,1,0.4,1.2,1.8,8.4
355,Jaden McDaniels\mcdanja02,PF,21,MIN,39,17,26.3,3.2,7.7,0.42,0.9,3.4,0.276,2.3,4.3,0.536,0.482,0.7,0.8,0.818,1.4,3.2,4.6,1.1,0.8,0.6,1.1,3.4,8.1
356,Jalen McDaniels\mcdanja01,SF,24,CHO,36,2,17.8,2.5,5.1,0.5,0.8,2.2,0.375,1.7,2.8,0.598,0.582,0.8,1.2,0.659,0.8,2.8,3.6,1.2,0.6,0.4,0.8,1.8,6.7
357,Doug McDermott\mcderdo01,PF,30,SAS,28,28,24.6,4.2,9.3,0.448,2.1,5.1,0.406,2.1,4.2,0.5,0.559,0.6,0.9,0.72,0.4,2.1,2.5,1.3,0.2,0.1,0.8,1.4,11.1
358,JaVale McGee\mcgeeja01,C,34,PHO,37,10,16,4.2,6.5,0.649,0,0.1,0.25,4.2,6.4,0.655,0.651,1.5,2.3,0.679,2.3,4.7,7,0.7,0.4,0.8,1.5,2.5,9.9
359,Cameron McGriff\mcgrica01,SF,24,POR,3,0,15.3,1.7,4.7,0.357,0.7,2,0.333,1,2.7,0.375,0.429,0.7,0.7,1,2,3,5,1,0,0.3,0,2.3,4.7
360,Rodney McGruder\mcgruro01,SG,30,DET,17,0,9.5,1,2.6,0.386,0.3,1.2,0.238,0.7,1.4,0.522,0.443,0.2,0.2,0.75,0.5,1.1,1.6,0.6,0.2,0.1,0.5,0.7,2.5
361,Alfonzo McKinnie\mckinal01,SF,29,CHI,10,1,16.5,2.1,5.1,0.412,0.9,2.4,0.375,1.2,2.7,0.444,0.5,0.1,0.6,0.167,1.1,1.1,2.2,0.4,0.2,0.3,0.6,2,5.2
362,JaQuori McLaughlin\mclauja01,PG,24,DAL,4,0,2.8,0,0.5,0,0,0.3,0,0,0.3,0,0,0,0,,0,0,0,0.5,0,0,0,0.3,0
363,Jordan McLaughlin\mclaujo01,PG,25,MIN,28,2,11.2,0.8,2.6,0.284,0.1,1,0.143,0.6,1.6,0.37,0.311,0.5,0.8,0.682,0.2,0.9,1.1,2.4,0.6,0,0.7,0.5,2.2
364,Ben McLemore\mclembe01,SG,28,POR,25,4,16.8,3,6.9,0.43,2.2,5.4,0.41,0.8,1.5,0.5,0.59,0.7,0.9,0.773,0.3,1,1.3,0.8,0.4,0.1,0.6,1.5,8.8
365,De'Anthony Melton\meltode01,SG,23,MEM,36,13,22.9,3.5,9.1,0.383,1.5,4.7,0.314,2,4.4,0.459,0.465,1.1,1.4,0.76,1,3.3,4.3,2.8,1.6,0.6,1.6,1.9,9.5
366,Sam Merrill\merrisa01,SG,25,MEM,6,0,9.7,1.3,4,0.333,1.2,3.8,0.304,0.2,0.2,1,0.479,0.3,0.7,0.5,0.2,1,1.2,0.7,0,0,0.3,0.5,4.2
367,Chimezie Metu\metuch01,C,24,SAC,29,18,22.4,3.5,8.3,0.421,1.1,3.8,0.284,2.4,4.6,0.534,0.486,1,1.3,0.789,0.7,5.5,6.2,1.1,0.9,0.7,0.9,1.5,9.1
368,Khris Middleton\middlkh01,SF,30,MIL,33,33,31.6,6.3,14.7,0.43,2.4,6.2,0.387,3.9,8.5,0.461,0.511,4.1,4.6,0.887,0.7,4.8,5.5,5.3,1.2,0.2,3.2,2.2,19.1
369,C.J. Miles\milescj01,SG,34,BOS,1,0,2,0,0,,0,0,,0,0,,,0,0,,0,0,0,0,0,0,0,1,0
370,Patty Mills\millspa02,PG,33,BRK,41,24,30.8,4.7,10.8,0.437,3.2,7.6,0.421,1.5,3.2,0.474,0.584,0.8,0.9,0.886,0.2,1.8,2,2.6,0.6,0.3,1.1,1.4,13.4
371,Paul Millsap\millspa01,PF,36,BRK,24,0,11.3,1.3,3.5,0.376,0.3,1.1,0.222,1.1,2.4,0.448,0.412,0.5,0.7,0.706,1.2,2.5,3.7,1,0.2,0.5,0.5,2,3.4
372,Shake Milton\miltosh01,PG,25,PHI,27,6,24.7,4,9.4,0.429,0.9,2.9,0.316,3.1,6.5,0.48,0.478,1.5,1.8,0.854,0.5,2.5,3,2.8,0.7,0.4,1.1,2.1,10.5
373,Davion Mitchell\mitchda01,PG,23,SAC,39,1,24.6,3.6,9.4,0.383,1.1,3.7,0.29,2.5,5.7,0.444,0.44,0.6,0.9,0.647,0.5,1.8,2.3,3.1,0.6,0.3,0.9,1.8,8.9
374,Donovan Mitchell\mitchdo01,SG,25,UTA,38,38,33.4,9.3,20.6,0.453,3.3,9.4,0.346,6.1,11.2,0.542,0.532,3.7,4.2,0.882,0.8,3,3.8,5.1,1.6,0.2,2.9,2.6,25.7
375,Evan Mobley\mobleev01,PF,20,CLE,36,36,34.2,6.2,12.1,0.508,0.4,1.4,0.288,5.8,10.7,0.538,0.525,2.3,3.1,0.717,1.7,6.3,8,2.7,0.8,1.7,1.9,2.1,15
376,Malik Monk\monkma01,SG,23,LAL,38,11,26.1,4.4,9.3,0.473,2.2,5.3,0.406,2.3,4,0.562,0.589,1.1,1.2,0.851,0.5,2.5,3,2.3,0.7,0.5,1.3,1.6,12.1
377,Greg Monroe\monrogr01,C,31,TOT,5,0,16.2,2.6,4.4,0.591,0,0,,2.6,4.4,0.591,0.591,0.4,1,0.4,2.4,3.8,6.2,2.4,0.6,1,1.2,1.8,5.6
377,Greg Monroe\monrogr01,C,31,MIN,3,0,21,3,4.7,0.643,0,0,,3,4.7,0.643,0.643,0.7,1.7,0.4,1.7,5.3,7,3.7,0.7,1.3,1.3,2.3,6.7
377,Greg Monroe\monrogr01,C,31,WAS,2,0,9,2,4,0.5,0,0,,2,4,0.5,0.5,0,0,,3.5,1.5,5,0.5,0.5,0.5,1,1,4
378,Moses Moody\moodymo01,SG,19,GSW,25,1,7,0.8,2.2,0.357,0.2,1.2,0.129,0.6,1,0.64,0.393,0.3,0.4,0.727,0.2,0.9,1,0.3,0.1,0.2,0.2,0.4,2.1
379,Xavier Moon\moonxa01,SG,27,LAC,6,0,13.8,2.3,5.7,0.412,0.5,1.7,0.3,1.8,4,0.458,0.456,0.3,0.5,0.667,0.2,1.3,1.5,1.7,0.8,0.2,0.5,0.7,5.5
380,Matt Mooney\moonema01,SG,24,NYK,1,0,2,0,1,0,0,1,0,0,0,,0,0,0,,0,0,0,0,1,0,1,0,0
381,Ja Morant\moranja01,PG,22,MEM,32,32,32.3,9.1,18.7,0.486,1.5,4.2,0.356,7.6,14.4,0.524,0.526,4.8,6.2,0.769,1.3,4.5,5.8,6.8,1.3,0.4,3.3,1.3,24.4
382,Juwan Morgan\morgaju01,PF,24,TOR,1,0,27,2,3,0.667,1,2,0.5,1,1,1,0.833,0,0,,2,2,4,1,0,0,0,3,5
383,Jaylen Morris\morrija01,SG,26,SAS,3,0,5.3,0,2,0,0,0.7,0,0,1.3,0,0,0.7,1.3,0.5,0,0.7,0.7,0.7,0,0,0.3,0.7,0.7
384,Marcus Morris\morrima03,PF,32,LAC,23,23,30.3,5.7,13.5,0.423,2,5.6,0.359,3.7,7.9,0.467,0.497,2.6,2.9,0.881,0.6,4.3,5,2.2,0.5,0.3,1.3,2.3,16
385,Markieff Morris\morrima02,PF,32,MIA,10,0,18.7,3.2,7,0.457,0.8,2.2,0.364,2.4,4.8,0.5,0.514,0.5,0.5,1,1.3,1.5,2.8,1.4,0.3,0.1,1.2,2.2,7.7
386,Monte Morris\morrimo01,PG,26,DEN,38,37,29.6,5.1,10.6,0.478,1.7,4.4,0.392,3.3,6.2,0.538,0.558,0.7,0.9,0.765,0.3,2.3,2.6,4.1,0.7,0.1,1.2,1.4,12.5
387,Emmanuel Mudiay\mudiaem01,PG,25,SAC,2,0,5.5,0,1,0,0,0,,0,1,0,0,1.5,2,0.75,0,0,0,2,0.5,0,0.5,0.5,1.5
388,Mychal Mulder\muldemy01,PG,27,ORL,15,2,13,1.3,4.5,0.299,0.9,3.1,0.283,0.5,1.4,0.333,0.396,0.1,0.1,1,0.1,1.3,1.4,0.2,0.3,0.1,0.5,0.8,3.7
389,Ade Murkey\murkead01,SG,24,SAC,1,0,1,0,0,,0,0,,0,0,,,0,0,,0,0,0,0,0,0,0,0,0
390,Trey Murphy III\murphtr02,SF,21,NOP,36,0,12.8,1.2,3.7,0.328,0.9,2.7,0.34,0.3,1,0.297,0.451,0.4,0.5,0.824,0.7,1.4,2.1,0.6,0.3,0.1,0.3,0.9,3.8
391,Dejounte Murray\murrade01,PG,25,SAS,38,38,34.4,8,17.8,0.448,1.4,4.2,0.329,6.6,13.6,0.485,0.487,1.7,2.4,0.703,1.2,7.1,8.3,8.9,2.1,0.4,2.4,2.1,19.1
392,Mike Muscala\muscami01,C,30,OKC,35,0,13.6,2.7,5.7,0.465,1.7,3.8,0.447,1,1.9,0.5,0.613,1.2,1.4,0.875,0.4,2.5,2.9,0.5,0.5,0.6,0.3,1.3,8.2
393,Svi Mykhailiuk\mykhasv01,SF,24,TOR,38,5,16.9,2.2,5.3,0.408,0.9,2.9,0.315,1.2,2.4,0.522,0.495,0.7,0.8,0.844,0.5,1.8,2.3,1.1,0.6,0.1,0.7,1.2,5.9
394,Abdel Nader\naderab01,SF,28,PHO,14,0,10.4,0.9,2.5,0.343,0.3,1,0.286,0.6,1.5,0.381,0.4,0.4,0.7,0.6,0.3,1.6,1.9,0.5,0.6,0.3,0.8,1.4,2.4
395,Larry Nance Jr.\nancela02,PF,29,POR,37,11,23.2,2.8,5.4,0.515,0.5,1.7,0.306,2.2,3.7,0.61,0.563,0.9,1.3,0.653,1.6,4.1,5.6,2,1,0.4,0.7,1.8,6.9
396,RJ Nembhard Jr.\nembhrj01,SG,22,CLE,6,0,7,0.8,1.8,0.455,0,0.2,0,0.8,1.7,0.5,0.455,0.2,0.3,0.5,0,0.3,0.3,1.7,0,0,0.2,0.3,1.8
397,Aaron Nesmith\nesmiaa01,SF,22,BOS,30,1,10.4,1.2,3.3,0.367,0.5,2.2,0.242,0.7,1.1,0.625,0.449,0.3,0.3,0.8,0.3,1.3,1.6,0.4,0.3,0.1,0.6,1.3,3.2
398,Raul Neto\netora01,PG,29,WAS,37,0,20.4,3.1,6.9,0.443,0.4,1.8,0.231,2.6,5.1,0.516,0.473,1.2,1.6,0.759,0.2,1.9,2.1,2.6,0.7,0,1.3,1.6,7.7
399,Malik Newman\newmama01,PG,24,CLE,1,0,8,3,5,0.6,0,1,0,3,4,0.75,0.6,2,2,1,0,1,1,1,0,0,1,0,8
400,Georges Niang\niangge01,PF,28,PHI,38,5,22.8,3.5,8,0.439,2,5,0.395,1.5,3,0.513,0.563,0.9,1,0.868,0.3,2.3,2.6,1.3,0.5,0.2,0.7,2.6,9.8
401,Daishen Nix\nixda01,SG,19,HOU,8,0,8.4,1.6,2.5,0.65,0.4,0.9,0.429,1.3,1.6,0.769,0.725,0.1,0.4,0.333,0.1,1.1,1.3,1.3,0.9,0,1.1,0.4,3.8
402,Zeke Nnaji\nnajize01,PF,21,DEN,25,0,15.3,2.2,4.6,0.466,0.9,2,0.46,1.2,2.6,0.47,0.565,1,1.6,0.6,1.2,2.3,3.6,0.3,0.3,0.3,0.3,1.7,6.2
403,Nerlens Noel\noelne01,C,27,NYK,18,10,23,1.3,2.6,0.511,0,0.2,0,1.3,2.4,0.545,0.511,0.8,1,0.833,2.2,3.7,5.8,0.8,1.1,1.5,0.8,2.7,3.5
404,Jaylen Nowell\nowelja01,SG,22,MIN,27,0,13.5,3,6.3,0.473,0.7,2.1,0.345,2.2,4.1,0.541,0.533,0.9,1.2,0.719,0.3,1.6,1.9,2,0.6,0.2,0.5,1,7.5
405,Frank Ntilikina\ntilila01,PG,23,DAL,33,5,13.5,1.6,4.4,0.375,0.8,2.2,0.356,0.8,2.2,0.394,0.465,0.6,0.6,1,0.2,1.3,1.5,1.4,0.7,0.1,0.7,1.1,4.6
406,Jusuf Nurkić\nurkiju01,C,27,POR,39,39,26.6,5.2,9.7,0.541,0.2,1,0.205,5,8.7,0.58,0.552,3,4.3,0.702,2.4,7.8,10.3,2.7,1.2,0.5,2.3,3.4,13.7
407,David Nwaba\nwabada01,SF,29,HOU,33,4,14.2,2,4.3,0.475,0.3,1.1,0.286,1.7,3.2,0.538,0.511,1,1.4,0.702,0.9,3,3.9,0.8,0.7,0.5,0.5,1.2,5.4
408,Jordan Nwora\nworajo01,SF,23,MIL,35,9,20.7,3.4,8.2,0.416,1.6,4.1,0.379,1.8,4,0.454,0.512,0.4,0.5,0.737,0.7,3.4,4.1,1.1,0.5,0.4,1.1,1.1,8.8
409,Royce O'Neale\onealro01,SF,28,UTA,39,39,31.5,2.7,5.5,0.488,1.4,3.6,0.403,1.2,1.9,0.649,0.62,0.6,0.8,0.71,0.8,4.2,5,2.5,1.4,0.5,0.9,2.5,7.3
410,Semi Ojeleye\ojelese01,PF,27,MIL,17,0,17.1,0.9,3.9,0.224,0.5,2.3,0.231,0.4,1.6,0.214,0.291,0.5,0.6,0.818,1.5,1.9,3.4,0.3,0.3,0.3,0.3,1.5,2.8
411,Chuma Okeke\okekech01,PF,23,ORL,33,9,23.2,2.7,7.6,0.349,1.1,4.3,0.246,1.6,3.3,0.482,0.419,0.8,1,0.875,0.7,3.9,4.5,1.3,1.4,0.4,0.9,1.4,7.2
412,Josh Okogie\okogijo01,SG,23,MIN,27,6,13.2,0.9,2.4,0.348,0.3,1.1,0.258,0.6,1.3,0.429,0.409,0.7,1.1,0.613,0.9,1.2,2.1,0.7,0.6,0.3,0.6,1.3,2.7
413,Onyeka Okongwu\okongon01,C,21,ATL,10,3,22.6,3.7,4.6,0.804,0,0,,3.7,4.6,0.804,0.804,1.5,2.3,0.652,2.2,3.9,6.1,1,0.7,1.4,1.3,3.7,8.9
414,Isaac Okoro\okorois01,SF,21,CLE,29,23,27.9,3.2,7.1,0.444,0.9,2.9,0.301,2.3,4.3,0.54,0.505,1.7,2.3,0.716,1.1,2.3,3.4,1.8,0.8,0.3,1.1,2.5,8.9
415,KZ Okpala\okpalkz01,PF,22,MIA,21,0,11.6,1.4,3.3,0.435,0.4,1.2,0.346,1,2,0.488,0.5,0.4,0.5,0.727,0.5,1.4,2,0.7,0.2,0.3,0.2,1.2,3.7
416,Cameron Oliver\oliveca01,SF,25,ATL,2,0,21.5,5,7.5,0.667,0.5,1.5,0.333,4.5,6,0.75,0.7,1,1.5,0.667,1,2,3,1.5,0.5,0.5,0,2.5,11.5
417,Kelly Olynyk\olynyke01,C,30,DET,10,1,23,4.5,9.8,0.459,1.4,4.1,0.341,3.1,5.7,0.544,0.531,2.1,3.5,0.6,1.3,4,5.3,2.3,1.4,0.7,1.5,2.7,12.5
418,Eugene Omoruyi\omorueu01,SF,24,DAL,4,0,4.5,0.5,1.3,0.4,0.3,0.5,0.5,0.3,0.8,0.333,0.5,0.5,1,0.5,0.5,1.3,1.8,0.5,0,0,0,0.5,1.8
419,Miye Oni\onimi01,SG,24,UTA,16,0,2.8,0.1,0.6,0.222,0.1,0.5,0.125,0.1,0.1,1,0.278,0,0.1,0,0.1,0.4,0.4,0.3,0,0,0.1,0.4,0.3
420,Cedi Osman\osmande01,SF,26,CLE,32,0,22.8,3.9,8.9,0.44,2.2,5.6,0.383,1.8,3.3,0.538,0.562,1.2,1.8,0.661,0.4,2.1,2.5,1.7,1,0.3,0.8,1.8,11.1
421,Daniel Oturu\oturuda01,C,22,TOR,3,0,9,1,2,0.5,0,0.3,0,1,1.7,0.6,0.5,1,1.7,0.6,0.3,1.3,1.7,0,0,0.7,0,0.3,3
422,Kelly Oubre Jr.\oubreke01,SF,26,CHO,40,10,28.2,6.1,13.3,0.458,2.9,7.8,0.373,3.2,5.5,0.58,0.568,1.6,2.3,0.674,1,3,3.9,1.2,1.1,0.4,1.1,2.5,16.6
423,Jaysean Paige\paigeja01,PG,27,DET,1,0,7,0,3,0,0,2,0,0,1,0,0,0,0,,0,1,1,1,0,0,1,2,0
424,Trayvon Palmer\palmetr01,SG,27,DET,1,0,17,0,1,0,0,0,,0,1,0,0,0,0,,0,2,2,0,0,0,1,2,0
425,Kevin Pangos\pangoke01,PG,29,CLE,19,3,8.4,0.8,2.4,0.333,0.3,1.4,0.231,0.5,1,0.474,0.4,0.2,0.2,0.75,0.1,0.5,0.6,1.6,0.1,0,0.4,0.5,2.1
426,Jabari Parker\parkeja01,PF,26,BOS,12,0,9.3,1.5,3.2,0.474,0.7,1.3,0.5,0.8,1.8,0.455,0.579,0.8,0.8,1,0.4,1.9,2.3,0.5,0.3,0.1,0.7,1.1,4.4
427,Eric Paschall\pascher01,PF,25,UTA,29,1,12.1,1.7,3.5,0.48,0.6,1.8,0.308,1.1,1.7,0.66,0.559,1,1.3,0.718,0.7,1.3,1.9,0.6,0.1,0.1,0.5,0.8,4.9
428,Chris Paul\paulch01,PG,36,PHO,41,41,32.3,5.2,11,0.475,1,3,0.322,4.3,8.1,0.53,0.518,2.5,3,0.837,0.3,4,4.3,10,2,0.3,2.3,2.1,14
429,Cameron Payne\payneca01,PG,27,PHO,36,0,20.4,3.9,9.8,0.395,1.1,3.3,0.325,2.8,6.4,0.431,0.45,1.4,1.6,0.864,0.4,2.4,2.8,3.7,0.6,0.3,1.9,1.9,10.2
430,Elfrid Payton\paytoel01,PG,27,PHO,22,0,11.7,1.6,4,0.402,0,0.2,0.2,1.5,3.7,0.415,0.408,0.4,0.7,0.533,0.5,1.5,2,1.8,0.5,0.1,1,1.1,3.6
431,Gary Payton II\paytoga02,PG,29,GSW,40,9,16.7,3.3,5,0.647,0.7,1.8,0.414,2.5,3.3,0.771,0.719,0.6,1,0.59,1.1,2.5,3.6,0.8,1.4,0.2,0.5,1.7,7.8
432,Norvel Pelle\pelleno01,C,28,UTA,3,0,6.3,1,1.7,0.6,0,0,,1,1.7,0.6,0.6,0,0,,1,1,2,0,0,0.3,0.7,0.3,2
433,Reggie Perry\perryre01,PF,21,POR,2,0,20.5,2,4.5,0.444,0.5,1,0.5,1.5,3.5,0.429,0.5,1,1,1,1,2.5,3.5,1,0.5,0,0.5,3,5.5
434,Jamorko Pickett\pickeja01,PF,24,DET,6,0,7.8,0.2,1.7,0.1,0.2,1.2,0.143,0,0.5,0,0.15,0,0,,0.3,1.2,1.5,0.2,0,0.2,0.5,0.5,0.5
435,Theo Pinson\pinsoth01,SF,26,DAL,11,0,8.5,0.7,2.5,0.296,0.5,1.8,0.25,0.3,0.6,0.429,0.389,0.4,0.4,1,0,1.5,1.5,1.1,0.4,0.2,0.2,0.8,2.3
436,Mason Plumlee\plumlma01,C,31,CHO,34,34,24.7,2.9,4.7,0.615,0,0,0,2.9,4.7,0.619,0.615,0.8,2.1,0.37,2.3,4.8,7.1,2.8,0.9,0.8,1.1,3,6.6
437,Jakob Poeltl\poeltja01,C,26,SAS,35,34,28.7,5.5,9.4,0.59,0,0,,5.5,9.4,0.59,0.59,1,2.5,0.391,4,4.9,8.9,2.7,0.7,1.5,1.6,3.2,12.1
438,Aleksej Pokusevski\pokusal01,PF,20,OKC,36,2,15.1,1.9,5.4,0.358,0.6,2.4,0.23,1.4,2.9,0.462,0.409,0.2,0.4,0.5,0.9,3.1,4,1.1,0.5,0.5,1.2,1.2,4.6
439,Yves Pons\ponsyv01,SF,22,MEM,6,0,3.5,0.2,0.5,0.333,0.2,0.2,1,0,0.3,0,0.5,0,0.3,0,0.3,0.5,0.8,0,0,0,0,0.3,0.5
440,Jordan Poole\poolejo01,SG,22,GSW,36,30,29.4,5.9,13.5,0.439,2.6,7.5,0.339,3.4,5.9,0.565,0.534,2.7,3,0.899,0.2,2.8,3,3.3,0.9,0.3,2.4,2.7,17.1
441,Kevin Porter Jr.\porteke02,PG,21,HOU,28,28,29.8,4.4,11.8,0.369,1.8,5.6,0.323,2.5,6.2,0.41,0.446,2,3.3,0.613,0.8,3.6,4.4,5.8,1.3,0.3,3.7,2.5,12.6
442,Michael Porter Jr.\portemi01,SF,23,DEN,9,9,29.4,4.1,11.4,0.359,1.1,5.3,0.208,3,6.1,0.491,0.408,0.6,1,0.556,1,5.6,6.6,1.9,1.1,0.2,1.3,1.8,9.9
443,Otto Porter Jr.\porteot01,PF,28,GSW,36,5,21.2,3.1,6.6,0.46,1.5,3.8,0.399,1.5,2.8,0.545,0.575,0.5,0.7,0.708,1.1,4.1,5.1,1.6,1.1,0.4,0.6,1.3,8.1
444,Bobby Portis\portibo01,C,26,MIL,36,31,28.4,5.9,12.3,0.482,1.9,4.5,0.432,4,7.8,0.511,0.561,1.6,2.1,0.784,2.8,6.4,9.2,1.3,0.8,0.9,1.6,2.8,15.4
445,Kristaps Porziņģis\porzikr01,PF,26,DAL,27,27,30.3,7.1,15.7,0.452,1.6,5.4,0.29,5.5,10.3,0.536,0.501,4.8,5.5,0.872,2.1,5.8,7.9,2.3,0.8,1.7,1.4,2.4,20.5
446,Micah Potter\pottemi01,C,23,DET,3,0,10.3,1.7,3.7,0.455,0,0.7,0,1.7,3,0.556,0.455,0.7,0.7,1,1.3,1.7,3,0,0.3,0.3,0.3,1.3,4
447,Dwight Powell\poweldw01,C,30,DAL,43,39,20.4,2.7,4.3,0.624,0.3,0.7,0.414,2.4,3.7,0.662,0.656,1.5,2.1,0.711,2,2.6,4.6,1.1,0.5,0.4,0.7,2.3,7.2
448,Myles Powell\powelmy01,PG,24,PHI,7,0,5.6,0.7,1.9,0.385,0.1,0.6,0.25,0.6,1.3,0.444,0.423,0.3,0.3,1,0.1,0.6,0.7,0.3,0.1,0,0.4,0.9,1.9
449,Norman Powell\powelno01,SF,28,POR,34,34,32.9,6.2,13.6,0.455,2.2,5.5,0.399,4,8.1,0.493,0.536,4,4.9,0.82,0.4,2.5,2.9,2.1,1,0.4,1.5,2.3,18.6
450,Joshua Primo\primojo01,SG,19,SAS,20,4,13.5,1.5,3.9,0.377,0.7,2.1,0.341,0.8,1.8,0.417,0.468,0.5,0.6,0.833,0.4,1.2,1.6,1.3,0.4,0.5,0.9,0.9,4.1
451,Taurean Prince\princta02,PF,27,MIN,31,8,14.7,1.6,4.2,0.382,0.8,2.7,0.31,0.8,1.5,0.511,0.481,0.5,0.7,0.739,0.4,1.6,2,0.9,0.4,0.2,0.6,1.5,4.6
452,Payton Pritchard\pritcpa01,SG,24,BOS,34,2,13.8,1.9,5.1,0.374,1.2,3.2,0.376,0.7,1.9,0.369,0.491,0.2,0.2,1,0.4,1.5,1.9,1.8,0.2,0.1,0.7,0.9,5.3
453,Trevelin Queen\queentr01,SG,24,HOU,8,0,8.6,1.6,3.6,0.448,1,2.8,0.364,0.6,0.9,0.714,0.586,0.4,0.4,1,0.6,1.1,1.8,0.4,0.6,0,0.9,0.8,4.6
454,Neemias Queta\quetane01,C,22,SAC,6,0,6.7,0.8,2.5,0.333,0,0,,0.8,2.5,0.333,0.333,0.5,0.7,0.75,1,1.2,2.2,0.5,0.2,0.2,0.3,1.2,2.2
455,Immanuel Quickley\quickim01,PG,22,NYK,39,2,22.6,3.4,8.8,0.386,1.8,5.1,0.347,1.6,3.7,0.438,0.486,1.7,1.8,0.93,0.4,2,2.4,2.6,0.6,0.1,1.2,2.2,10.3
456,Jahmi'us Ramsey\ramseja01,SG,20,SAC,15,0,5.5,0.9,2.3,0.412,0.1,0.7,0.182,0.8,1.5,0.522,0.441,0.3,0.7,0.5,0.1,0.3,0.3,0.2,0.1,0.1,0.1,0.3,2.3
457,Julius Randle\randlju01,PF,27,NYK,41,41,35.6,7,16.7,0.416,1.7,5.5,0.313,5.2,11.2,0.467,0.468,3.5,4.6,0.759,1.7,8.4,10.1,5,0.7,0.6,3.4,2.8,19.1
458,Austin Reaves\reaveau01,SG,23,LAL,24,0,20.9,2.2,4.3,0.515,0.9,2.4,0.379,1.3,1.9,0.689,0.621,1,1.2,0.862,0.4,2,2.4,1,0.3,0.1,0.6,1.6,6.4
459,Cam Reddish\reddica01,SF,22,ATL,34,7,23.4,4.1,10.1,0.402,1.7,4.5,0.379,2.4,5.6,0.421,0.487,2.1,2.4,0.9,0.6,1.9,2.5,1.1,1,0.3,1.3,1.3,11.9
460,Davon Reed\reedda01,SG,26,DEN,16,2,16.6,1.7,3.7,0.458,0.8,1.8,0.429,0.9,1.9,0.484,0.559,0.3,0.3,0.8,0.5,2.6,3.1,1.3,1,0.2,0.3,1.6,4.4
461,Paul Reed\reedpa01,C,22,PHI,20,2,9,1,2.1,0.476,0,0.2,0,1,1.9,0.526,0.476,0.2,0.3,0.5,1,1.3,2.3,0.5,0.6,0.5,0.4,1.4,2.2
462,Naz Reid\reidna01,C,22,MIN,39,5,16.5,3.2,7.1,0.455,0.8,2.5,0.333,2.4,4.6,0.522,0.514,1.5,2.1,0.716,1.5,2.5,3.9,0.7,0.5,1,1,2.3,8.8
463,Nick Richards\richani01,C,24,CHO,31,5,9.3,1.6,2.4,0.685,0,0,,1.6,2.4,0.685,0.685,0.8,0.9,0.828,0.9,1.3,2.2,0.4,0.3,0.6,0.6,1.4,4
464,Josh Richardson\richajo01,SG,28,BOS,32,0,26,3.7,8.1,0.453,1.4,3.5,0.414,2.2,4.6,0.483,0.543,1.6,1.9,0.85,0.6,2.1,2.7,1.5,0.8,0.5,0.8,2,10.3
465,Austin Rivers\riverau01,SG,29,DEN,30,9,20.7,2.1,5.5,0.386,1.2,3.7,0.318,1,1.9,0.518,0.491,0.4,0.6,0.611,0.4,1.4,1.8,1.1,0.5,0.1,0.8,1.6,5.8
466,Duncan Robinson\robindu01,SG,27,MIA,40,35,27.7,3.9,10.3,0.381,3,8.6,0.347,1,1.7,0.551,0.525,0.7,0.8,0.818,0.4,2.9,3.3,1.5,0.6,0.2,0.7,2.6,11.5
467,Justin Robinson\robinju01,PG,24,TOT,25,0,12.2,1.1,3.7,0.301,0.7,2.4,0.295,0.4,1.3,0.313,0.398,0.2,0.3,0.5,0.2,0.7,0.8,1.3,0.4,0,0.7,1.1,3.1
467,Justin Robinson\robinju01,PG,24,MIL,17,0,11.6,1.1,3.4,0.316,0.6,2.2,0.27,0.5,1.2,0.4,0.404,0.1,0.1,1,0.1,0.6,0.8,1.2,0.5,0,0.6,1,2.8
467,Justin Robinson\robinju01,PG,24,SAC,3,0,5,0.3,2.7,0.125,0,1,0,0.3,1.7,0.2,0.125,0,0,,0,0.3,0.3,0.7,0,0,0.3,0.7,0.7
467,Justin Robinson\robinju01,PG,24,DET,5,0,18.2,1.8,5.6,0.321,1.6,4.2,0.381,0.2,1.4,0.143,0.464,0.4,1.2,0.333,0.4,1,1.4,1.8,0.2,0.2,1,1.6,5.6
468,Mitchell Robinson\robinmi01,C,23,NYK,39,30,25.1,3.5,4.4,0.789,0,0,,3.5,4.4,0.789,0.789,1.2,2.2,0.558,3.5,4.8,8.2,0.4,0.5,1.6,0.8,2.6,8.2
469,Jeremiah Robinson-Earl\robinje02,C,21,OKC,38,30,22.9,2.6,6.4,0.404,1.1,3.3,0.333,1.5,3.1,0.479,0.49,0.8,1.1,0.707,1.7,4,5.7,0.9,0.5,0.3,0.8,1.7,7.1
470,Isaiah Roby\robyis01,PF,23,OKC,18,5,13.7,2.6,4.7,0.56,0.6,1.2,0.5,2,3.4,0.581,0.625,0.9,1.2,0.762,1.1,2.2,3.3,0.7,0.2,0.3,0.8,1.4,6.7
471,Rajon Rondo\rondora01,PG,35,TOT,21,0,16.9,1.6,4.5,0.347,0.7,2.1,0.318,0.9,2.4,0.373,0.421,0.3,0.4,0.75,0.5,2.4,2.9,3.9,0.7,0.2,2,1.5,4.1
471,Rajon Rondo\rondora01,PG,35,LAL,18,0,16.1,1.3,3.9,0.324,0.4,1.7,0.267,0.8,2.3,0.366,0.38,0.1,0.1,0.5,0.6,2.2,2.7,3.7,0.7,0.3,1.9,1.4,3.1
471,Rajon Rondo\rondora01,PG,35,CLE,3,0,21.7,3.3,8,0.417,2,4.7,0.429,1.3,3.3,0.4,0.542,1.7,2,0.833,0.3,3.7,4,4.7,1,0,2.3,2,10.3
472,Derrick Rose\rosede01,PG,33,NYK,26,4,24.5,4.7,10.5,0.445,1.4,3.5,0.402,3.3,7,0.467,0.513,1.2,1.2,0.968,0.8,2.2,3,4,0.8,0.5,1.5,0.6,12
473,Terrence Ross\rosste01,SG,30,ORL,36,0,26.4,4.3,10.4,0.413,1.5,4.7,0.312,2.8,5.6,0.498,0.484,2.4,2.8,0.871,0.4,2.5,2.8,2.2,0.6,0.3,1.5,1.4,12.5
474,Terry Rozier\roziete01,SG,27,CHO,34,34,32.4,6.7,15.5,0.434,2.9,7.8,0.379,3.8,7.8,0.489,0.528,1.9,2.3,0.808,0.7,3.3,4,3.5,1.2,0.4,1.1,1.4,18.3
475,Ricky Rubio\rubiori01,PG,31,CLE,34,8,28.5,4.4,12.1,0.363,1.7,5.1,0.339,2.6,7,0.38,0.434,2.6,3,0.854,0.4,3.7,4.1,6.6,1.4,0.2,2.6,2.2,13.1
476,D'Angelo Russell\russeda01,PG,25,MIN,32,32,33,6.7,16.4,0.405,3.1,8.6,0.355,3.6,7.8,0.46,0.498,2.6,3.2,0.806,0.4,3.3,3.7,7,0.9,0.5,2.6,2.2,19
477,Domantas Sabonis\sabondo01,C,25,IND,42,41,34.9,7,12.2,0.575,0.8,2.4,0.317,6.2,9.8,0.639,0.607,4.2,5.6,0.745,3.1,8.8,11.9,4.7,1,0.4,3,3,18.9
478,Olivier Sarr\sarrol01,C,22,OKC,2,0,7,0.5,1.5,0.333,0,0.5,0,0.5,1,0.5,0.333,1,1,1,0,2.5,2.5,0,0,1,0,0.5,2
479,Tomáš Satoranský\satorto01,SG,30,NOP,31,3,14.9,1,3.3,0.311,0.2,1,0.167,0.9,2.4,0.37,0.335,0.6,0.8,0.76,0.6,1.5,2,2.3,0.5,0,0.7,1,2.8
480,Jordan Schakel\schakjo01,SG,23,WAS,2,0,7,0,3,0,0,1.5,0,0,1.5,0,0,0,0,,1,0.5,1.5,0,0,0,0,0,0
481,Admiral Schofield\schofad01,SF,24,ORL,12,1,15.1,1.8,3.4,0.537,0.6,1.7,0.35,1.3,1.8,0.714,0.622,0,0.1,0,0.4,2.7,3.1,0.8,0.1,0.3,0.8,1.8,4.3
482,Dennis Schröder\schrode01,SG,28,BOS,37,22,31.6,5.6,13,0.435,1.4,4.1,0.342,4.2,8.9,0.479,0.49,3,3.5,0.846,0.6,2.8,3.4,4.5,0.8,0.1,2.2,2.4,15.7
483,Tre Scott\scotttr01,SF,25,CLE,2,0,5.5,1.5,3,0.5,0,0.5,0,1.5,2.5,0.6,0.5,0,0,,0.5,0.5,1,0,0.5,0.5,0,1,3
484,Jay Scrubb\scrubja01,SG,21,LAC,14,0,6.8,1.1,2.9,0.375,0.4,1.4,0.263,0.7,1.5,0.476,0.438,0.3,0.5,0.571,0.1,0.6,0.8,0.5,0.2,0.2,0.4,0.4,2.8
485,Wayne Selden\seldewa01,SG,27,NYK,3,0,6.3,0.3,1.3,0.25,0.3,0.7,0.5,0,0.7,0,0.375,0.7,1.3,0.5,0,0.3,0.3,0.3,0,0,0,0.3,1.7
486,Alperen Şengün\sengual01,C,19,HOU,36,2,18.3,3.2,6.3,0.504,0.3,1.1,0.293,2.8,5.1,0.551,0.531,2.3,3.3,0.7,1.7,3,4.8,2.6,0.9,0.9,1.9,3.1,9
487,Collin Sexton\sextoco01,SG,23,CLE,11,11,28.7,6.2,13.7,0.45,1,4.1,0.244,5.2,9.6,0.538,0.487,2.6,3.5,0.744,1.2,2.1,3.3,2.1,0.9,0,2.8,2.3,16
488,Landry Shamet\shamela01,SG,24,PHO,37,7,20.5,2.6,6.8,0.38,1.7,4.6,0.363,0.9,2.1,0.418,0.504,1,1.1,0.857,0.2,1.8,2.1,1.5,0.5,0.1,0.6,1.1,7.8
489,Day'Ron Sharpe\sharpda01,PF,20,BRK,17,3,10.7,2.6,4.5,0.592,0.1,0.2,0.333,2.6,4.3,0.603,0.599,0.5,1,0.529,2.2,2,4.2,0.2,0.2,0.5,0.9,2,5.9
490,Pascal Siakam\siakapa01,PF,27,TOR,27,27,36,8,16.7,0.478,1.2,3.4,0.344,6.8,13.3,0.513,0.513,3.9,5.5,0.716,2,6.4,8.5,4.8,1,0.7,2.6,3.5,21.1
491,Chris Silva\silvach01,PF,25,TOT,7,0,9.4,1.1,1.9,0.615,0,0,,1.1,1.9,0.615,0.615,1.1,1.3,0.889,1.4,2.4,3.9,0.4,0,0,0.6,1.7,3.4
491,Chris Silva\silvach01,PF,25,MIN,1,0,3,0,0,,0,0,,0,0,,,0,0,,0,1,1,0,0,0,0,0,0
491,Chris Silva\silvach01,PF,25,MIA,6,0,10.5,1.3,2.2,0.615,0,0,,1.3,2.2,0.615,0.615,1.3,1.5,0.889,1.7,2.7,4.3,0.5,0,0,0.7,2,4
492,Marko Simonovic\simonma01,C,22,CHI,8,0,4,0.5,1.8,0.286,0.1,0.6,0.2,0.4,1.1,0.333,0.321,1,1.4,0.727,0.6,0.6,1.3,0,0.1,0.1,0.3,0.8,2.1
493,Anfernee Simons\simonan01,SG,22,POR,36,9,26.4,5.3,11.9,0.447,2.6,6.4,0.398,2.8,5.4,0.505,0.555,1.4,1.6,0.929,0.5,2.1,2.6,3.2,0.4,0.1,1.5,2,14.6
494,Jericho Sims\simsje01,PF,23,NYK,13,0,6.5,0.5,0.6,0.75,0,0,,0.5,0.6,0.75,0.75,0.2,0.3,0.75,0.6,1.1,1.7,0.1,0.2,0.4,0.2,0.5,1.2
495,Deividas Sirvydis\sirvyde01,SG,21,DET,3,0,9,0.3,3.3,0.1,0.3,2.3,0.143,0,1,0,0.15,0,0,,0,2,2,0.3,1,0.3,0,1.3,1
496,Javonte Smart\smartja01,PG,22,MIL,13,1,12.3,0.8,3.3,0.256,0.3,1.4,0.222,0.5,1.9,0.28,0.302,0.4,0.5,0.833,0.3,1.2,1.5,1.1,0.3,0.2,0.7,0.8,2.4
497,Marcus Smart\smartma01,PG,27,BOS,38,38,34.1,4,10.2,0.393,1.4,4.8,0.304,2.6,5.5,0.471,0.464,2.1,2.6,0.798,0.6,3.3,4,5.3,1.9,0.3,2,2.5,11.6
498,Dennis Smith Jr.\smithde03,PG,24,POR,24,4,18.1,2.4,5.8,0.407,0.3,1.1,0.231,2.1,4.8,0.447,0.429,1.2,1.7,0.683,0.5,1.9,2.4,3.5,1.3,0.4,1.5,1.2,6.2
499,Ish Smith\smithis01,PG,33,CHO,28,1,14.1,2,5.1,0.399,0.3,0.7,0.4,1.8,4.4,0.398,0.427,0.4,0.6,0.611,0.1,1.3,1.5,2.8,0.6,0.3,1.1,1,4.8
500,Jalen Smith\smithja04,PF,21,PHO,20,4,14.5,2.6,5.5,0.473,0.4,1.5,0.241,2.3,4.1,0.556,0.505,1.6,1.9,0.838,2.3,3.4,5.7,0.3,0.3,0.6,0.8,1.7,7.1
501,Xavier Sneed\sneedxa01,SF,24,MEM,2,0,4,0,1,0,0,1,0,0,0,,0,0,0,,0.5,0.5,1,0,0,0,0,1,0
502,Tony Snell\snellto01,SG,30,POR,30,7,12.8,0.8,2.3,0.368,0.6,1.7,0.333,0.3,0.6,0.471,0.493,0.1,0.1,1,0.3,1.3,1.6,0.6,0.2,0.1,0.3,1.1,2.3
503,Jaden Springer\sprinja01,SG,19,PHI,2,0,3,0.5,0.5,1,0,0,,0.5,0.5,1,1,0,0,,0.5,0.5,1,0,0,1,0.5,0,1
504,Cassius Stanley\stanlca01,SG,22,DET,6,1,20,2.3,5.7,0.412,0.7,2.2,0.308,1.7,3.5,0.476,0.471,1.3,1.3,1,0.8,1.5,2.3,0.5,0.5,0.3,0.8,2,6.7
505,Nik Stauskas\stausni01,SG,28,MIA,2,0,12,1.5,4,0.375,1,2,0.5,0.5,2,0.25,0.5,1.5,2,0.75,0.5,1,1.5,0.5,0,0,0,0.5,5.5
506,Lance Stephenson\stephla01,SG-SF,31,TOT,13,0,17.2,2.9,6.6,0.442,0.7,2.5,0.273,2.2,4.1,0.547,0.494,0.6,0.8,0.727,0.3,2.7,3,3.2,0.5,0,1.2,2.1,7.2
506,Lance Stephenson\stephla01,SF,31,ATL,6,0,11.7,0.8,2.2,0.385,0,0.5,0,0.8,1.7,0.5,0.385,0.2,0.3,0.5,0.2,2.3,2.5,1.8,0,0,0.7,1.3,1.8
506,Lance Stephenson\stephla01,SG,31,IND,7,0,21.9,4.7,10.4,0.452,1.3,4.3,0.3,3.4,6.1,0.558,0.514,1,1.3,0.778,0.4,3,3.4,4.4,1,0,1.7,2.7,11.7
507,Lamar Stevens\stevela01,PF,24,CLE,30,8,15.2,2.2,4.7,0.464,0.4,1.3,0.342,1.7,3.4,0.51,0.511,0.5,0.7,0.636,0.7,1.6,2.4,0.7,0.4,0.2,0.5,1.5,5.2
508,Isaiah Stewart\stewais01,C,20,DET,33,33,25.3,3.2,6.2,0.527,0.1,0.6,0.105,3.2,5.6,0.571,0.532,1.1,1.6,0.667,2.5,5.5,8,1.1,0.4,1.3,1.3,2.8,7.6
509,Max Strus\strusma01,SF,25,MIA,32,8,23.1,4,8.7,0.466,2.7,6.4,0.417,1.4,2.3,0.603,0.619,0.9,1.2,0.789,0.3,3,3.4,1.2,0.3,0.1,0.7,1.5,11.7
510,Jalen Suggs\suggsja01,PG,20,ORL,23,21,27.3,4.3,12,0.359,1.2,4.6,0.255,3.1,7.4,0.424,0.408,2.7,3.5,0.753,0.7,2.7,3.5,3.7,1.1,0.4,3.3,2.8,12.4
511,Craig Sword\swordcr01,SG,,WAS,3,0,6.3,1,1.3,0.75,0,0.3,0,1,1,1,0.75,0,0,,0,0,0,0.3,1.3,0,0.3,2.3,2
512,Keifer Sykes\sykeske01,PG,28,IND,9,6,23.3,3.2,7.6,0.426,1.1,3.8,0.294,2.1,3.8,0.559,0.5,0.9,1,0.889,0.3,2,2.3,2.9,0.6,0.1,1.2,2.2,8.4
513,Jae'Sean Tate\tateja01,SF,26,HOU,42,41,27.4,4.9,9.9,0.5,0.8,2.6,0.297,4.1,7.2,0.574,0.54,1.9,2.7,0.693,1.8,4.1,5.8,3.2,0.9,0.7,1.8,3.6,12.5
514,Jayson Tatum\tatumja01,SF,23,BOS,40,40,36.7,8.8,21.1,0.417,2.7,8.3,0.327,6.1,12.8,0.476,0.482,5.2,6.1,0.848,1.2,7.4,8.6,3.8,1,0.8,3,2.5,25.5
515,Terry Taylor\taylote01,SG,22,IND,2,0,3,0,0,,0,0,,0,0,,,0,0,,0,0.5,0.5,0.5,0,0,0,0,0
516,Garrett Temple\templga01,SG,35,NOP,41,12,19.6,2.1,5.4,0.394,1.2,3.5,0.354,0.9,1.9,0.468,0.509,0.5,0.7,0.733,0.6,2.2,2.8,1.3,0.8,0.4,0.8,1.6,6
517,Emanuel Terry\terryem01,PF,25,PHO,3,0,6,0,1.7,0,0,0,,0,1.7,0,0,0,0,,2.7,2.3,5,0.7,0.3,0,1.7,1.3,0
518,Tyrell Terry\terryty01,PG,21,MEM,2,0,1.5,0.5,0.5,1,0,0,,0.5,0.5,1,1,0,0,,0,0,0,0,0,0,0,0.5,1
519,Jon Teske\teskejo01,C,24,MEM,3,0,2.7,0,0.3,0,0,0,,0,0.3,0,0,0,0.7,0,0,0.7,0.7,0.3,0.3,0,0,0.3,0
520,Daniel Theis\theisda01,C,29,HOU,26,21,22.5,3.2,6.9,0.469,0.9,3,0.291,2.3,3.8,0.61,0.534,1,1.5,0.675,1.2,3.8,5,0.8,0.4,0.7,1.2,2.4,8.4
521,Brodric Thomas\thomabr01,SG,25,BOS,7,0,4,0.1,1.3,0.111,0,0.9,0,0.1,0.4,0.333,0.111,0.3,0.3,1,0.3,0.4,0.7,0.7,0,0,0.4,0.1,0.6
522,Cam Thomas\thomaca02,SG,20,BRK,31,1,17.5,3.1,7.2,0.43,0.7,2.8,0.244,2.4,4.4,0.547,0.478,0.8,1.1,0.788,0.2,2.3,2.5,1.1,0.5,0.1,0.7,0.7,7.7
523,Isaiah Thomas\thomais02,PG,32,TOT,5,1,22.8,3,9.4,0.319,1,5,0.2,2,4.4,0.455,0.372,1.6,2.2,0.727,0.2,1.4,1.6,2,0,0.4,1,2.4,8.6
523,Isaiah Thomas\thomais02,PG,32,LAL,4,1,25.3,3,9.8,0.308,1.3,5.5,0.227,1.8,4.3,0.412,0.372,2,2.8,0.727,0.3,1.8,2,1.5,0,0.5,1.3,3,9.3
523,Isaiah Thomas\thomais02,PG,32,DAL,1,0,13,3,8,0.375,0,3,0,3,5,0.6,0.375,0,0,,0,0,0,4,0,0,0,0,6
524,Matt Thomas\thomama02,SG,27,CHI,18,0,10.4,1.3,3.5,0.365,0.8,2.3,0.357,0.4,1.2,0.381,0.484,0.4,0.6,0.7,0.1,0.9,1.1,0.5,0.2,0.1,0.2,0.4,3.8
525,Klay Thompson\thompkl01,SG,31,GSW,3,3,20,5,14,0.357,2.3,6.7,0.35,2.7,7.3,0.364,0.44,1.7,1.7,1,0.7,2,2.7,1.7,0.3,0.7,2,1.7,14
526,Tristan Thompson\thomptr01,PF,30,SAC,30,3,15.2,2.5,5,0.503,0,0,1,2.5,5,0.5,0.507,1.1,2,0.533,2.4,3,5.4,0.6,0.4,0.4,1,1.7,6.2
527,JT Thor\thorjt01,PF,19,CHO,10,0,10.9,0.9,2.5,0.36,0.3,1.6,0.188,0.6,0.9,0.667,0.42,0.5,0.8,0.625,0.5,0.9,1.4,0.6,0.4,0.6,0.4,1.4,2.6
528,Matisse Thybulle\thybuma01,SG,24,PHI,32,17,25.8,2.4,4.9,0.487,0.7,2.5,0.288,1.7,2.4,0.697,0.561,0.3,0.4,0.692,0.5,1.9,2.4,1.1,1.8,1.1,0.7,2.3,5.8
529,Killian Tillie\tilliki02,C,23,MEM,27,3,13.1,1.3,3.7,0.343,0.8,2.4,0.328,0.5,1.3,0.371,0.449,0.2,0.3,0.625,0.7,1.1,1.8,0.5,0.7,0.5,0.3,1.6,3.5
530,Xavier Tillman Sr.\tillmxa01,PF,23,MEM,33,0,14.2,1.9,4.4,0.434,0.2,1,0.176,1.7,3.4,0.514,0.455,0.9,1.4,0.63,1.3,1.9,3.2,1.1,1.2,0.4,0.7,1.3,4.9
531,Isaiah Todd\toddis01,PF,20,WAS,9,0,3.9,0.6,1.7,0.333,0.4,1.1,0.4,0.1,0.6,0.2,0.467,0.2,0.4,0.5,0.2,0.8,1,0.1,0.2,0.2,0.1,0.1,1.8
532,Obi Toppin\toppiob01,PF,23,NYK,38,2,16,2.9,5.6,0.526,0.3,1.6,0.203,2.6,4.1,0.649,0.554,1.4,1.8,0.786,1,2.6,3.6,1,0.3,0.5,0.8,1.5,7.7
533,Juan Toscano-Anderson\toscaju01,SF,28,GSW,40,4,16.3,1.9,3.8,0.503,0.4,1.4,0.278,1.6,2.5,0.626,0.552,0.6,1.1,0.581,0.6,2.3,2.9,2.1,0.8,0.3,1.2,1.6,4.9
534,Karl-Anthony Towns\townska01,C,26,MIN,35,35,34.7,8.8,16.9,0.519,2.3,5.5,0.419,6.5,11.4,0.568,0.587,4.8,5.9,0.815,2.9,6.3,9.3,3.7,1.1,1.2,3.5,3.7,24.6
535,Gary Trent Jr.\trentga02,SG,23,TOR,33,32,34,6.1,14.5,0.421,2.7,7.3,0.368,3.4,7.1,0.477,0.515,1.5,1.8,0.845,0.4,2.5,2.8,2.1,1.9,0.4,0.9,2.2,16.4
536,P.J. Tucker\tuckepj01,PF,36,MIA,37,36,28.7,3.2,6.3,0.5,1.4,3,0.473,1.7,3.3,0.525,0.613,0.7,1.1,0.692,1.6,4.1,5.7,2.2,0.8,0.3,1,2.3,8.5
537,Rayjon Tucker\tuckera01,SG,24,DEN,3,0,9.7,0.3,0.7,0.5,0.3,0.7,0.5,0,0,,0.75,1,1.3,0.75,0.3,1,1.3,1.3,0.3,0,0,1,2
538,Myles Turner\turnemy01,C,25,IND,42,42,29.4,4.8,9.4,0.509,1.5,4.4,0.333,3.3,5,0.662,0.587,1.9,2.5,0.752,1.5,5.5,7.1,1,0.7,2.8,1.3,2.8,12.9
539,Jonas Valanciunas\valanjo01,C,29,NOP,40,40,31.6,7,13.4,0.521,1,2.3,0.43,6,11.1,0.541,0.559,3.3,4.1,0.821,3.5,8.6,12,2.4,0.5,0.9,2.4,3.1,18.3
540,Denzel Valentine\valende01,SG,28,TOT,23,0,9.6,1.1,2.9,0.379,0.8,2,0.404,0.3,0.8,0.316,0.523,0,0,,0.4,1.4,1.8,0.5,0.3,0,0.5,0.9,3
540,Denzel Valentine\valende01,SG,28,CLE,22,0,9.3,1,2.8,0.371,0.8,2,0.409,0.2,0.8,0.278,0.516,0,0,,0.4,1.3,1.7,0.5,0.3,0,0.5,0.8,2.9
540,Denzel Valentine\valende01,SG,28,UTA,1,0,17,2,4,0.5,1,3,0.333,1,1,1,0.625,0,0,,0,3,3,0,1,0,2,3,5
541,Jarred Vanderbilt\vandeja01,PF,22,MIN,37,30,25.6,2.8,4.9,0.574,0.1,0.3,0.2,2.8,4.7,0.595,0.579,0.9,1.4,0.642,3.2,6,9.2,1.3,1.5,0.8,1.1,2.8,6.6
542,Fred VanVleet\vanvlfr01,PG,27,TOR,37,37,37.9,7.5,17.4,0.433,3.9,9.5,0.409,3.7,7.9,0.463,0.544,3,3.5,0.859,0.8,4.1,4.9,6.7,1.7,0.5,2.6,2.5,21.9
543,Devin Vassell\vassede01,SF,21,SAS,35,6,25.2,4.3,9.7,0.44,1.7,4.9,0.345,2.6,4.9,0.535,0.526,0.8,1.1,0.763,0.7,3.5,4.2,1.4,1,0.7,0.9,2.1,11.1
544,Gabe Vincent\vincega01,PG,25,MIA,34,10,21.3,3.1,7,0.439,1.6,4.3,0.381,1.4,2.7,0.533,0.556,0.7,0.9,0.774,0.4,1.5,2,2.8,0.8,0.2,1.4,2.1,8.5
545,Nikola Vucevic\vucevni01,C,31,CHI,34,34,33.1,6.9,15.6,0.442,1.6,4.9,0.331,5.3,10.7,0.493,0.494,1,1.4,0.702,1.9,9.2,11.1,3.5,1.1,1.1,1.5,2.1,16.4
546,Dean Wade\wadede01,PF,25,CLE,30,16,19.2,1.8,4.2,0.429,0.9,2.6,0.329,0.9,1.6,0.596,0.532,0.3,0.4,0.769,0.8,2.5,3.3,1.2,0.5,0.1,0.4,1.5,4.8
547,Franz Wagner\wagnefr01,SF,20,ORL,44,44,32.1,5.8,12.9,0.454,1.2,3.5,0.355,4.6,9.4,0.49,0.502,2.6,3.1,0.838,1.2,3.5,4.7,2.9,1,0.5,1.6,2.2,15.5
548,Moritz Wagner\wagnemo01,C,24,ORL,34,0,12.2,2.5,5.1,0.483,1,2.9,0.357,1.4,2.2,0.645,0.583,1.4,1.7,0.78,0.5,1.9,2.4,0.9,0.3,0.2,0.8,2,7.3
549,Ish Wainright\wainris01,PF,27,PHO,17,0,6.2,0.6,2.1,0.286,0.2,1.2,0.19,0.4,0.8,0.429,0.343,0.1,0.2,0.5,0.6,0.6,1.2,0.5,0.4,0.1,0.4,1.2,1.5
550,Kemba Walker\walkeke02,PG,31,NYK,24,24,27.3,4.7,11.4,0.414,2.4,6,0.403,2.3,5.4,0.426,0.52,1.8,2.1,0.84,0.5,3.1,3.5,3.6,0.8,0.2,1.4,1.2,13.6
551,Lonnie Walker IV\walkelo01,SG,23,SAS,39,6,22.9,4.3,10.8,0.394,1.5,5.1,0.3,2.7,5.7,0.48,0.466,1.6,1.9,0.84,0.2,2.6,2.8,2.4,0.6,0.3,1.1,1.4,11.7
552,M.J. Walker\walkemj01,SG,23,PHO,2,0,4,0,2,0,0,1,0,0,1,0,0,0,0,,0,0.5,0.5,0.5,1,0,0,0.5,0
553,Derrick Walton\waltode01,PG,26,DET,3,3,36,2,8.7,0.231,1,4.3,0.231,1,4.3,0.231,0.288,1.3,1.3,1,0.7,2.7,3.3,7,2.3,1.3,3.7,2.7,6.3
554,Brad Wanamaker\wanambr01,PG,32,TOT,23,2,13.9,1.2,3.3,0.364,0.2,0.7,0.235,1,2.6,0.4,0.39,1,1.1,0.92,0.3,1.4,1.7,2.4,0.3,0.3,1,2,3.6
554,Brad Wanamaker\wanambr01,PG,32,IND,22,1,13.3,1.2,3.3,0.361,0.2,0.8,0.235,1,2.5,0.4,0.389,0.9,1,0.909,0.3,1.3,1.6,2.2,0.2,0.3,1,1.9,3.5
554,Brad Wanamaker\wanambr01,PG,32,WAS,1,1,27,2,5,0.4,0,0,,2,5,0.4,0.4,3,3,1,0,4,4,7,2,0,0,3,7
555,Duane Washington Jr.\washidu02,PG,21,IND,12,6,19,2.7,7.8,0.344,1.1,3.8,0.283,1.6,3.9,0.404,0.414,1.2,1.6,0.737,0.1,1.6,1.7,1.8,0.6,0.1,1.1,0.9,7.6
556,P.J. Washington\washipj01,PF,23,CHO,26,3,24.6,3.5,7.9,0.447,1.8,4.5,0.402,1.7,3.4,0.506,0.561,1.2,1.7,0.698,1.4,4.1,5.5,2.3,0.8,1,1.5,2.6,10
557,Yuta Watanabe\watanyu01,SF,27,TOR,17,4,18.5,2.2,5.8,0.384,1.1,3.2,0.345,1.1,2.6,0.432,0.48,0.8,1.4,0.583,0.8,2.9,3.6,0.9,0.4,0.6,0.8,1.5,6.4
558,Tremont Waters\watertr01,PG,24,TOT,3,0,16.7,1.3,4.7,0.286,0.7,3,0.222,0.7,1.7,0.4,0.357,0,0,,0,1.3,1.3,2.3,1.7,0,1.3,1.3,3.3
558,Tremont Waters\watertr01,PG,24,TOR,2,0,21,1.5,6,0.25,1,4.5,0.222,0.5,1.5,0.333,0.333,0,0,,0,2,2,3.5,2,0,2,1,4
558,Tremont Waters\watertr01,PG,24,WAS,1,0,8,1,2,0.5,0,0,,1,2,0.5,0.5,0,0,,0,0,0,0,1,0,0,2,2
559,Trendon Watford\watfotr01,SF,21,POR,16,0,8.3,1.1,2.4,0.462,0,0.1,0,1.1,2.3,0.486,0.462,0.7,1.2,0.579,0.6,1.7,2.3,0.5,0.1,0.5,0.8,1,2.9
560,Paul Watson\watsopa01,SF,27,OKC,9,3,17.3,1.3,3.9,0.343,0.7,2.9,0.231,0.7,1,0.667,0.429,0.1,0.2,0.5,0.3,2.7,3,0.9,0.3,0.3,0.4,1.1,3.4
561,Quinndary Weatherspoon\weathqu01,SG,25,GSW,3,0,5.3,1.3,1.3,1,0,0,,1.3,1.3,1,1,0,0,,0,0.3,0.3,0,0.3,0.3,0.3,1.7,2.7
562,Russell Westbrook\westbru01,PG,33,LAL,43,43,35.3,7.1,16.1,0.438,1,3.4,0.291,6.1,12.7,0.478,0.469,3.6,5.4,0.662,1.4,6.7,8.1,8,1.1,0.3,4.3,3.1,18.7
563,Coby White\whiteco01,PG,21,CHI,23,7,25.6,4.5,9.7,0.464,2,5.3,0.385,2.5,4.4,0.559,0.569,1.3,1.7,0.789,0.1,2.3,2.5,2.3,0.5,0.3,1.2,2.3,12.4
564,Derrick White\whitede01,SG,27,SAS,38,37,30.4,5.1,11.9,0.428,1.6,5.2,0.302,3.5,6.6,0.528,0.494,2.8,3.3,0.857,0.5,3,3.5,5.4,1.2,1,1.7,2.2,14.6
565,Hassan Whiteside\whiteha01,C,32,UTA,36,3,16.4,3.3,5.2,0.626,0,0,,3.3,5.2,0.626,0.626,1.7,2.5,0.685,2.3,4.6,6.8,0.3,0.3,1.3,0.9,2.9,8.2
566,Joe Wieskamp\wieskjo01,SG,22,SAS,11,0,5.9,1,1.9,0.524,0.6,1.4,0.467,0.4,0.5,0.667,0.69,0.3,0.6,0.429,0.2,0.3,0.5,0.3,0.2,0.2,0,0.5,2.9
567,Aaron Wiggins\wiggiaa01,SG,23,OKC,24,13,20.7,2.6,5.4,0.481,0.8,2.4,0.316,1.8,3,0.611,0.55,1,1.4,0.727,0.8,2.4,3.1,1.2,0.7,0.2,0.8,2,6.9
568,Andrew Wiggins\wiggian01,SF,26,GSW,38,38,31.4,6.9,14.1,0.491,2.2,5.3,0.425,4.7,8.8,0.53,0.57,2.6,3.6,0.703,1.1,3.2,4.3,1.9,0.9,0.6,1.6,1.8,18.6
569,Lindell Wigginton\wiggili01,PG,23,MIL,1,0,5,1,1,1,0,0,,1,1,1,1,0,0,,0,1,1,0,1,0,0,0,2
570,Brandon Williams\willibr03,PG,22,POR,2,0,6,1,1.5,0.667,0,0,,1,1.5,0.667,0.667,2,3.5,0.571,0,1,1,1,0,0,0,0,4
571,Grant Williams\willigr01,PF,23,BOS,39,11,22.5,2.3,4.8,0.481,1.4,3.3,0.419,0.9,1.5,0.617,0.624,0.9,1.1,0.878,0.7,2.4,3.2,1,0.5,0.6,0.7,2.1,7
572,Kenrich Williams\willike04,SF,27,OKC,36,0,20.6,2.8,6,0.465,0.8,2.1,0.382,2,3.9,0.511,0.532,0.6,1.1,0.538,1.4,2.6,4,1.9,1,0.1,0.8,1.7,7
573,Lou Williams\willilo02,PG,35,ATL,28,0,14.4,2.3,6.3,0.371,0.6,2.1,0.31,1.7,4.2,0.402,0.423,1.3,1.5,0.854,0.3,1.3,1.6,1.6,0.5,0.1,0.9,1,6.5
574,Patrick Williams\willipa01,PF,20,CHI,5,5,25,2.6,4.6,0.565,0.6,1.2,0.5,2,3.4,0.588,0.63,0.8,0.8,1,0.2,2,2.2,0.6,0.6,0.4,0.4,1.8,6.6
575,Robert Williams\williro04,C,24,BOS,35,35,29.3,4.4,5.9,0.744,0,0,,4.4,5.9,0.744,0.744,1.2,1.7,0.683,3.8,5.4,9.2,1.8,0.8,2.1,1.2,2.1,10
576,Ziaire Williams\willizi02,SF,20,MEM,26,5,19.3,2.4,6,0.4,1,3.6,0.28,1.4,2.4,0.581,0.484,0.3,0.4,0.818,0.2,1.2,1.4,0.8,0.5,0.2,0.5,1.7,6.1
577,D.J. Wilson\wilsodj01,PF,25,TOR,3,1,16,2.7,3.7,0.727,0,0.7,0,2.7,3,0.889,0.727,2.7,3.3,0.8,0.3,4.3,4.7,1.3,1.7,0.3,0.7,1.7,8
578,Dylan Windler\windldy01,SF,25,CLE,28,0,10.3,1,2.3,0.431,0.7,1.7,0.404,0.3,0.6,0.5,0.577,0.1,0.1,0.75,0.4,1.5,1.9,0.9,0.3,0.1,0.4,1,2.8
579,Justise Winslow\winslju01,SF,25,LAC,31,1,11.4,1.6,3.6,0.446,0.2,0.8,0.208,1.5,2.8,0.511,0.469,0.3,0.6,0.474,0.6,2.5,3,1.1,0.5,0.4,0.9,1,3.7
580,Cassius Winston\winstca01,PG,23,WAS,2,0,3.5,0,1,0,0,1,0,0,0,,0,1,1,1,0,0,0,1,0,0,0.5,0,1
581,Christian Wood\woodch01,C,26,HOU,41,40,30.7,6.4,13.4,0.48,1.7,4.7,0.352,4.8,8.7,0.549,0.542,3,4.7,0.627,1.8,8.2,10,2,0.7,0.9,1.8,2.4,17.4
582,Robert Woodard II\woodaro01,SF,22,SAC,8,0,1.9,0.1,0.5,0.25,0.1,0.1,1,0,0.4,0,0.375,0.3,0.3,1,0,0.3,0.3,0,0,0,0.1,0.3,0.6
583,Delon Wright\wrighde01,SG,29,ATL,37,4,17.6,1.5,3.4,0.433,0.5,1.3,0.408,0.9,2.1,0.449,0.512,0.7,0.9,0.813,0.8,2.1,2.9,2.5,0.8,0.2,0.7,0.6,4.2
584,McKinley Wright IV\wrighmc01,PG,23,MIN,1,0,4,1,1,1,1,1,1,0,0,,1.5,0,0,,0,0,0,0,0,0,1,0,3
585,Moses Wright\wrighmo01,PF,23,LAC,1,0,1,0,0,,0,0,,0,0,,,0,0,,0,0,0,1,0,0,0,0,0
586,Thaddeus Young\youngth01,PF,33,SAS,23,0,14,2.8,5,0.57,0,0.1,0,2.8,4.8,0.586,0.57,0.3,0.8,0.444,1.5,2,3.4,2.4,0.9,0.3,1,1.4,6
587,Trae Young\youngtr01,PG,23,ATL,38,38,34.6,9.4,20.8,0.454,2.7,7.4,0.365,6.7,13.4,0.503,0.519,6,6.7,0.898,0.7,3.2,3.9,9.3,1,0.1,4.1,1.7,27.6
588,Omer Yurtseven\yurtsom01,C,23,MIA,34,10,15.8,2.8,5.5,0.516,0,0.2,0.143,2.8,5.3,0.531,0.519,0.9,1.5,0.64,1.9,4.8,6.7,1.2,0.4,0.5,1,1.9,6.6
589,Cody Zeller\zelleco01,C,29,POR,27,0,13.1,1.9,3.3,0.567,0,0.1,0,1.9,3.2,0.593,0.567,1.4,1.8,0.776,1.9,2.8,4.6,0.8,0.3,0.2,0.7,2.1,5.2
590,Ivica Zubac\zubaciv01,C,24,LAC,40,40,24.3,3.5,5.3,0.657,0,0,,3.5,5.3,0.657,0.657,2.2,2.9,0.741,2.7,5.4,8.1,1.1,0.5,1.1,1.3,2.4,9.2